pid;sid
0;0
0;1
0;2
0;3
0;4
0;5
0;6
0;7
0;8
0;9
0;10
0;11
0;12
0;13
0;14
1;15
1;16
1;17
1;18
1;19
1;20
1;21
1;22
1;23
1;24
1;25
1;26
1;27
1;28
1;29
3;30
3;31
3;32
3;33
3;34
3;35
3;36
3;37
3;38
3;39
3;40
3;41
3;42
3;43
3;44
4;45
4;46
4;47
4;48
4;49
4;50
4;51
4;52
4;53
4;54
4;55
4;56
4;57
4;58
4;59
5;60
5;61
5;62
5;63
5;64
5;65
5;66
5;67
5;68
5;69
5;70
5;71
5;72
5;73
5;74
6;75
6;76
6;77
6;78
6;79
6;80
6;81
12;164
6;82
6;83
6;84
6;85
6;86
6;87
6;88
6;89
7;90
7;91
7;92
7;93
7;94
7;95
7;96
7;97
7;98
7;99
7;100
7;101
7;102
7;103
7;104
8;105
8;106
8;107
8;108
8;109
8;110
8;111
8;112
8;113
8;114
8;115
8;116
8;117
8;118
8;119
10;120
10;121
10;122
10;123
10;124
10;125
10;126
10;127
10;128
10;129
10;130
10;131
10;132
10;133
10;134
11;135
11;136
11;137
11;138
11;139
11;140
11;141
11;142
11;143
11;144
11;145
11;146
11;147
11;148
11;149
12;150
12;151
12;152
12;153
12;154
12;155
12;156
12;157
12;158
12;159
12;160
12;161
12;162
12;163
13;165
13;166
13;167
13;168
13;169
13;170
13;171
13;172
13;173
13;174
13;175
13;176
13;177
13;178
13;179
15;180
15;181
15;182
15;183
15;184
15;185
15;186
15;187
15;188
15;189
15;190
15;191
15;192
15;193
15;194
16;195
16;196
16;197
16;198
16;199
16;200
16;201
16;202
16;203
16;204
16;205
16;206
16;207
16;208
16;209
17;210
17;211
17;212
17;213
17;214
17;215
17;216
17;217
17;218
17;219
17;220
17;221
17;222
17;223
17;224
18;225
18;226
18;227
18;228
18;229
18;230
18;231
18;232
18;233
18;234
18;235
18;236
18;237
18;238
18;239
20;240
20;241
20;242
20;243
20;244
20;245
25;327
20;246
20;247
20;248
20;249
20;250
20;251
20;252
20;253
20;254
21;255
21;256
21;257
21;258
21;259
21;260
21;261
21;262
21;263
21;264
21;265
21;266
21;267
21;268
21;269
22;270
22;271
22;272
22;273
22;274
22;275
22;276
22;277
22;278
22;279
22;280
22;281
22;282
22;283
22;284
23;285
23;286
23;287
23;288
23;289
23;290
23;291
23;292
23;293
23;294
23;295
23;296
23;297
23;298
23;299
24;300
24;301
24;302
24;303
24;304
24;305
24;306
24;307
24;308
24;309
24;310
24;311
24;312
24;313
24;314
25;315
25;316
25;317
25;318
25;319
25;320
25;321
25;322
25;323
25;324
25;325
25;326
25;328
25;329
26;330
26;331
26;332
26;333
26;334
26;335
26;336
26;337
26;338
26;339
26;340
26;341
26;342
26;343
26;344
28;345
28;346
28;347
28;348
28;349
28;350
28;351
28;352
28;353
28;354
28;355
28;356
28;357
28;358
28;359
29;360
29;361
29;362
29;363
29;364
29;365
29;366
29;367
29;368
29;369
29;370
29;371
29;372
29;373
29;374
30;375
30;376
30;377
30;378
30;379
30;380
30;381
30;382
30;383
30;384
30;385
30;386
30;387
30;388
30;389
32;390
32;391
32;392
32;393
32;394
32;395
32;396
32;397
32;398
32;399
32;400
32;401
32;402
32;403
32;404
33;405
33;406
33;407
33;408
33;409
33;410
33;411
33;412
33;413
33;414
33;415
33;416
33;417
33;418
33;419
34;420
34;421
34;422
34;423
34;424
34;425
34;426
34;427
34;428
34;429
34;430
34;431
34;432
34;433
34;434
35;435
35;436
35;437
35;438
35;439
35;440
35;441
35;442
35;443
35;444
35;445
35;446
35;447
35;448
35;449
36;450
36;451
36;452
36;453
36;454
36;455
36;456
36;457
36;458
36;459
36;460
36;461
36;462
36;463
36;464
37;465
37;466
37;467
37;468
37;469
37;470
37;471
37;472
37;473
37;474
37;475
37;476
37;477
37;478
37;479
38;480
38;481
38;482
38;483
38;484
38;485
38;486
38;487
38;488
38;489
38;490
38;491
46;574
38;492
38;493
38;494
40;495
40;496
40;497
40;498
40;499
40;500
40;501
40;502
40;503
40;504
40;505
40;506
40;507
40;508
40;509
41;510
41;511
41;512
41;513
41;514
41;515
41;516
41;517
41;518
41;519
41;520
41;521
41;522
41;523
41;524
42;525
42;526
42;527
42;528
42;529
42;530
42;531
42;532
42;533
42;534
42;535
42;536
42;537
42;538
42;539
43;540
43;541
43;542
43;543
43;544
43;545
43;546
43;547
43;548
43;549
43;550
43;551
43;552
43;553
43;554
44;555
44;556
44;557
44;558
44;559
44;560
44;561
44;562
44;563
44;564
44;565
44;566
44;567
44;568
44;569
46;570
46;571
46;572
46;573
46;575
46;576
46;577
46;578
46;579
46;580
46;581
46;582
46;583
46;584
47;585
47;586
47;587
47;588
47;589
47;590
47;591
47;592
47;593
47;594
47;595
47;596
47;597
47;598
47;599
49;600
49;601
49;602
49;603
49;604
49;605
49;606
49;607
49;608
49;609
49;610
49;611
49;612
49;613
49;614
50;615
50;616
50;617
50;618
50;619
50;620
50;621
50;622
50;623
50;624
50;625
50;626
50;627
50;628
50;629
51;630
51;631
51;632
51;633
51;634
51;635
51;636
51;637
51;638
51;639
51;640
51;641
51;642
51;643
51;644
53;645
53;646
53;647
53;648
53;649
53;650
53;651
53;652
53;653
53;654
53;655
53;656
53;657
53;658
53;659
54;660
54;661
54;662
54;663
54;664
54;665
54;666
54;667
54;668
54;669
54;670
54;671
54;672
54;673
54;674
56;675
56;676
56;677
56;678
56;679
56;680
56;681
56;682
56;683
56;684
56;685
56;686
56;687
56;688
56;689
57;690
57;691
57;692
57;693
57;694
57;695
57;696
57;697
57;698
57;699
57;700
57;701
57;702
57;703
57;704
58;705
58;706
58;707
58;708
58;709
58;710
58;711
58;712
58;713
58;714
58;715
58;716
58;717
58;718
58;719
59;720
59;721
59;722
59;723
59;724
59;725
59;726
59;727
59;728
59;729
59;730
59;731
59;732
59;733
59;734
60;735
60;736
60;737
60;738
60;739
60;740
60;741
60;742
60;743
60;744
60;745
60;746
60;747
60;748
60;749
61;750
61;751
61;752
61;753
61;754
61;755
61;756
61;757
61;758
61;759
61;760
61;761
61;762
61;763
61;764
63;765
63;766
63;767
63;768
63;769
63;770
63;771
63;772
63;773
63;774
63;775
63;776
63;777
63;778
63;779
64;780
64;781
64;782
64;783
64;784
64;785
64;786
64;787
64;788
64;789
64;790
64;791
64;792
64;793
64;794
65;795
65;796
65;797
65;798
65;799
65;800
65;801
65;802
65;803
65;804
65;805
65;806
65;807
65;808
65;809
67;810
67;811
67;812
67;813
67;814
67;815
67;816
67;817
67;818
67;819
67;820
67;821
67;822
67;823
67;824
68;825
68;826
68;827
68;828
68;829
68;830
68;831
68;832
68;833
68;834
68;835
68;836
68;837
68;838
68;839
69;840
69;841
69;842
69;843
69;844
69;845
69;846
69;847
69;848
69;849
69;850
69;851
69;852
69;853
69;854
71;855
71;856
71;857
71;858
71;859
71;860
71;861
71;862
71;863
71;864
71;865
71;866
71;867
71;868
71;869
72;870
72;871
72;872
72;873
72;874
72;875
72;876
72;877
72;878
72;879
72;880
72;881
72;882
72;883
72;884
73;885
73;886
73;887
73;888
73;889
73;890
73;891
73;892
73;893
73;894
73;895
73;896
73;897
73;898
73;899
74;900
74;901
74;902
74;903
74;904
74;905
74;906
74;907
74;908
74;909
74;910
74;911
74;912
74;913
74;914
76;915
76;916
76;917
76;918
76;919
76;920
76;921
76;922
76;923
76;924
76;925
76;926
76;927
76;928
76;929
77;930
77;931
77;932
77;933
77;934
77;935
77;936
77;937
77;938
77;939
77;940
77;941
77;942
77;943
77;944