uid;sid;fecha_1;fecha_2;estado
88;0;2018-02-05;2018-02-11;en ruta
419;0;2017-03-15;2017-04-01;perdido
85;1;2009-02-23;2009-03-14;en ruta
236;1;2017-12-15;2017-12-19;perdido
230;2;2011-07-26;2011-08-09;en ruta
185;2;2011-10-10;2011-10-10;en ruta
304;3;2008-02-27;2008-02-27;perdido
343;3;2006-12-29;2007-01-17;en ruta
229;4;2014-12-04;2014-12-10;en ruta
13;4;2012-03-06;2012-03-10;finalizado
1;5;2001-12-27;2002-01-08;finalizado
443;5;2014-09-28;2014-10-08;perdido
34;6;2010-12-17;2010-12-27;perdido
319;6;2002-10-04;2002-10-19;finalizado
299;7;2016-08-18;2016-08-29;en ruta
34;7;2018-09-28;2018-10-01;perdido
272;8;2009-09-13;2009-09-23;en ruta
350;8;2004-03-21;2004-03-25;en ruta
173;9;2012-04-18;2012-05-01;en ruta
313;9;2005-11-16;2005-11-30;en ruta
354;10;2018-09-25;2018-10-02;finalizado
109;10;2006-02-23;2006-03-02;perdido
212;11;2017-04-20;2017-05-02;perdido
441;11;2000-02-24;2000-03-12;finalizado
253;12;2014-07-02;2014-07-08;finalizado
275;12;2003-01-01;2003-01-08;en ruta
235;13;2005-10-21;2005-10-22;en ruta
270;13;2016-10-12;2016-10-28;perdido
117;14;2013-07-11;2013-07-19;en ruta
397;14;2005-07-19;2005-07-29;en ruta
215;15;2004-05-25;2004-06-07;en ruta
363;15;2015-01-30;2015-02-10;en ruta
379;16;2013-05-11;2013-05-27;en ruta
201;16;2010-10-05;2010-10-17;perdido
308;17;2007-03-26;2007-03-28;finalizado
218;17;2017-06-22;2017-07-04;perdido
138;18;2017-01-17;2017-01-22;finalizado
417;18;2016-10-16;2016-10-23;finalizado
422;19;2012-12-26;2012-12-27;finalizado
301;19;2015-01-05;2015-01-12;finalizado
425;20;2009-12-07;2009-12-24;finalizado
445;20;2004-10-19;2004-10-26;perdido
187;21;2018-10-17;2018-11-05;en ruta
253;21;2017-10-05;2017-10-12;finalizado
258;22;2003-06-20;2003-06-25;finalizado
397;22;2004-03-19;2004-03-31;perdido
226;23;2005-11-22;2005-12-11;perdido
73;23;2005-08-23;2005-09-05;en ruta
213;24;2016-03-05;2016-03-22;finalizado
276;24;2003-05-25;2003-06-08;en ruta
93;25;2017-03-08;2017-03-14;en ruta
50;25;2004-11-14;2004-11-23;en ruta
334;26;2016-05-23;2016-05-24;perdido
21;26;2002-11-03;2002-11-12;finalizado
338;27;2018-05-30;2018-06-15;perdido
268;27;2007-10-04;2007-10-18;perdido
317;28;2006-03-29;2006-04-08;perdido
151;28;2018-02-19;2018-03-03;finalizado
282;29;2004-07-08;2004-07-08;perdido
82;29;2008-05-31;2008-06-09;perdido
320;30;2003-12-09;2003-12-25;en ruta
305;30;2003-12-22;2003-12-24;en ruta
406;31;2007-01-10;2007-01-13;finalizado
211;31;2008-06-28;2008-07-02;perdido
306;32;2003-10-14;2003-10-30;finalizado
42;32;2004-07-08;2004-07-12;en ruta
32;33;2008-11-22;2008-11-30;en ruta
186;33;2003-04-08;2003-04-08;finalizado
277;34;2014-09-05;2014-09-18;en ruta
125;34;2016-04-04;2016-04-08;en ruta
98;35;2013-10-09;2013-10-12;finalizado
262;35;2016-02-23;2016-03-02;en ruta
65;36;2005-09-06;2005-09-22;en ruta
21;36;2005-03-30;2005-04-04;en ruta
18;37;2012-10-31;2012-11-17;finalizado
117;37;2008-12-19;2008-12-29;perdido
310;38;2007-02-23;2007-03-05;finalizado
368;38;2003-11-17;2003-11-22;en ruta
404;39;2007-08-18;2007-08-23;finalizado
0;39;2006-10-03;2006-10-10;perdido
111;40;2017-09-25;2017-10-09;finalizado
313;40;2000-04-04;2000-04-10;en ruta
264;41;2002-04-21;2002-04-24;finalizado
207;41;2017-03-01;2017-03-20;finalizado
133;42;2015-05-02;2015-05-10;en ruta
29;42;2015-12-06;2015-12-14;finalizado
130;43;2015-03-12;2015-03-20;perdido
25;43;2017-10-30;2017-11-14;finalizado
213;44;2005-01-09;2005-01-16;perdido
404;44;2017-12-31;2018-01-05;finalizado
169;45;2002-09-07;2002-09-12;perdido
2;45;2003-09-02;2003-09-11;perdido
143;46;2000-06-29;2000-06-30;finalizado
301;46;2007-12-21;2007-12-26;finalizado
368;47;2015-04-27;2015-05-13;perdido
393;47;2016-11-08;2016-11-11;en ruta
161;48;2011-10-10;2011-10-25;finalizado
444;48;2001-02-15;2001-03-05;perdido
428;49;2018-01-24;2018-01-28;perdido
443;49;2013-05-28;2013-06-12;perdido
192;50;2015-01-20;2015-01-25;perdido
9;50;2004-05-16;2004-05-31;perdido
158;51;2008-02-16;2008-02-25;en ruta
130;51;2009-04-10;2009-04-24;perdido
273;52;2018-07-17;2018-07-25;perdido
85;52;2011-03-17;2011-03-17;finalizado
361;53;2013-10-30;2013-11-03;perdido
237;53;2004-09-28;2004-10-15;perdido
292;54;2014-04-06;2014-04-06;perdido
27;54;2016-11-24;2016-12-09;perdido
140;55;2012-02-08;2012-02-18;finalizado
401;55;2016-01-26;2016-02-07;finalizado
273;56;2009-04-13;2009-04-16;finalizado
393;56;2014-12-01;2014-12-01;perdido
199;57;2008-10-10;2008-10-27;perdido
47;57;2004-04-14;2004-04-27;en ruta
219;58;2005-03-01;2005-03-19;finalizado
232;58;2012-08-05;2012-08-17;en ruta
110;59;2007-11-08;2007-11-25;en ruta
397;59;2007-05-26;2007-06-05;en ruta
103;60;2017-12-07;2017-12-21;perdido
223;60;2019-01-25;2019-02-03;finalizado
64;61;2015-01-29;2015-01-29;finalizado
91;61;2005-05-26;2005-05-27;en ruta
171;62;2000-11-01;2000-11-14;finalizado
62;62;2013-09-14;2013-09-25;perdido
223;63;2002-03-18;2002-03-28;finalizado
227;63;2015-03-10;2015-03-18;perdido
76;64;2000-07-23;2000-08-10;en ruta
240;64;2015-05-20;2015-06-06;perdido
102;65;2001-03-05;2001-03-08;en ruta
308;65;2000-01-02;2000-01-13;perdido
185;66;2000-10-19;2000-10-19;en ruta
382;66;2002-04-08;2002-04-18;finalizado
263;67;2015-10-22;2015-11-05;perdido
126;67;2007-09-17;2007-09-17;en ruta
412;68;2002-10-17;2002-10-29;en ruta
428;68;2017-02-11;2017-02-17;finalizado
359;69;2004-04-27;2004-05-07;finalizado
313;69;2017-05-27;2017-06-03;en ruta
351;70;2008-10-18;2008-10-29;perdido
436;70;2001-11-25;2001-12-04;en ruta
219;71;2001-10-25;2001-11-01;finalizado
90;71;2007-12-09;2007-12-22;en ruta
55;72;2015-03-02;2015-03-03;en ruta
327;72;2007-11-22;2007-12-03;en ruta
424;73;2013-10-24;2013-11-07;perdido
279;73;2011-03-06;2011-03-21;en ruta
256;74;2003-11-17;2003-11-22;perdido
369;74;2007-04-18;2007-05-06;en ruta
57;75;2018-04-02;2018-04-06;finalizado
159;75;2006-10-09;2006-10-27;en ruta
441;76;2009-06-29;2009-07-17;en ruta
304;76;2015-09-24;2015-10-09;perdido
382;77;2009-11-09;2009-11-25;finalizado
180;77;2013-07-14;2013-08-02;finalizado
215;78;2004-05-03;2004-05-17;en ruta
434;78;2011-12-12;2011-12-22;en ruta
215;79;2009-11-16;2009-11-24;en ruta
200;79;2018-09-14;2018-09-15;perdido
235;80;2017-12-19;2017-12-30;finalizado
166;80;2005-07-16;2005-07-23;en ruta
98;81;2001-11-22;2001-12-01;perdido
120;81;2004-12-08;2004-12-14;finalizado
207;82;2006-09-24;2006-10-13;finalizado
308;82;2008-12-23;2008-12-27;en ruta
233;83;2011-06-14;2011-07-03;en ruta
253;83;2002-03-10;2002-03-12;perdido
173;84;2018-07-10;2018-07-26;perdido
240;84;2015-01-23;2015-01-28;finalizado
123;85;2003-10-03;2003-10-16;finalizado
80;85;2013-12-06;2013-12-10;en ruta
238;86;2011-11-30;2011-12-10;en ruta
440;86;2006-01-19;2006-01-20;finalizado
428;87;2006-02-23;2006-03-06;perdido
196;87;2017-09-01;2017-09-11;perdido
353;88;2015-09-16;2015-10-03;finalizado
410;88;2014-05-21;2014-05-21;finalizado
100;89;2007-09-16;2007-09-27;perdido
361;89;2015-04-16;2015-04-18;finalizado
49;90;2014-10-06;2014-10-07;finalizado
217;90;2018-11-24;2018-12-02;perdido
74;91;2008-08-28;2008-08-28;perdido
252;91;2008-11-14;2008-11-24;perdido
239;92;2011-12-20;2012-01-01;finalizado
273;92;2011-07-12;2011-07-14;perdido
389;93;2004-01-16;2004-02-04;finalizado
392;93;2014-08-27;2014-09-11;perdido
210;94;2003-06-05;2003-06-23;finalizado
14;94;2001-12-11;2001-12-21;perdido
89;95;2004-04-22;2004-05-10;perdido
312;95;2010-07-06;2010-07-14;en ruta
130;96;2006-11-20;2006-11-23;en ruta
327;96;2018-02-21;2018-03-12;en ruta
180;97;2016-11-30;2016-12-15;en ruta
376;97;2014-10-23;2014-10-26;finalizado
238;98;2010-03-02;2010-03-14;perdido
193;98;2015-05-25;2015-06-07;en ruta
229;99;2017-04-26;2017-04-27;finalizado
13;99;2001-12-17;2001-12-20;perdido
383;100;2011-04-04;2011-04-13;en ruta
97;100;2010-05-14;2010-05-29;perdido
304;101;2008-03-12;2008-03-23;finalizado
293;101;2004-12-11;2004-12-12;finalizado
348;102;2006-12-14;2006-12-15;en ruta
416;102;2000-12-17;2001-01-02;finalizado
213;103;2016-03-29;2016-04-10;perdido
361;103;2006-09-06;2006-09-06;finalizado
59;104;2008-12-25;2009-01-10;finalizado
315;104;2007-02-15;2007-02-24;finalizado
71;105;2013-11-16;2013-11-30;en ruta
51;105;2006-12-24;2006-12-28;finalizado
300;106;2011-05-29;2011-06-09;perdido
282;106;2012-06-06;2012-06-24;perdido
171;107;2017-12-25;2018-01-05;finalizado
249;107;2016-09-13;2016-09-15;perdido
161;108;2008-08-08;2008-08-15;en ruta
431;108;2005-02-07;2005-02-19;en ruta
246;109;2000-10-28;2000-10-31;finalizado
313;109;2005-04-23;2005-04-27;en ruta
427;110;2001-05-22;2001-05-22;en ruta
423;110;2004-07-11;2004-07-23;finalizado
214;111;2015-12-26;2016-01-14;en ruta
41;111;2016-04-28;2016-05-16;en ruta
45;112;2018-07-18;2018-08-05;en ruta
66;112;2003-05-17;2003-05-19;finalizado
243;113;2006-03-16;2006-04-02;finalizado
448;113;2016-03-04;2016-03-16;finalizado
270;114;2018-06-06;2018-06-16;en ruta
153;114;2015-04-01;2015-04-06;finalizado
351;115;2008-08-20;2008-08-30;perdido
405;115;2009-12-04;2009-12-06;perdido
321;116;2013-02-17;2013-03-07;en ruta
327;116;2013-05-11;2013-05-13;en ruta
156;117;2016-04-02;2016-04-10;finalizado
333;117;2005-07-02;2005-07-04;perdido
238;118;2005-05-28;2005-05-28;en ruta
179;118;2018-01-16;2018-01-24;en ruta
191;119;2015-03-13;2015-03-19;en ruta
223;119;2003-06-19;2003-07-02;finalizado
231;120;2008-05-11;2008-05-22;finalizado
262;120;2007-03-15;2007-03-17;perdido
253;121;2010-08-03;2010-08-17;en ruta
66;121;2018-09-27;2018-10-08;finalizado
266;122;2017-06-25;2017-07-13;perdido
87;122;2004-10-12;2004-10-29;en ruta
177;123;2012-10-08;2012-10-20;perdido
410;123;2009-08-21;2009-08-23;finalizado
174;124;2004-02-24;2004-02-25;perdido
382;124;2017-10-24;2017-10-29;en ruta
416;125;2000-07-04;2000-07-20;finalizado
417;125;2000-05-19;2000-05-31;finalizado
10;126;2010-10-24;2010-11-03;finalizado
7;126;2004-05-05;2004-05-20;finalizado
291;127;2000-05-17;2000-05-27;perdido
236;127;2015-12-20;2015-12-26;finalizado
219;128;2007-09-19;2007-10-06;en ruta
160;128;2006-06-21;2006-06-26;finalizado
290;129;2015-08-22;2015-09-03;en ruta
33;129;2012-02-14;2012-03-04;perdido
297;130;2010-12-16;2010-12-19;en ruta
214;130;2015-08-22;2015-09-10;finalizado
90;131;2010-01-05;2010-01-13;en ruta
406;131;2015-03-12;2015-03-29;perdido
89;132;2001-09-14;2001-09-18;finalizado
16;132;2001-07-23;2001-08-06;finalizado
280;133;2011-09-11;2011-09-29;en ruta
33;133;2017-02-22;2017-02-24;perdido
146;134;2004-11-18;2004-11-21;perdido
425;134;2008-08-21;2008-08-23;perdido
157;135;2014-05-27;2014-06-07;perdido
405;135;2011-10-20;2011-11-08;perdido
77;136;2018-04-21;2018-05-07;finalizado
224;136;2005-11-15;2005-11-21;en ruta
148;137;2014-02-04;2014-02-11;finalizado
239;137;2001-06-10;2001-06-26;finalizado
304;138;2006-11-14;2006-12-02;perdido
58;138;2010-10-20;2010-10-26;en ruta
247;139;2000-01-22;2000-02-10;finalizado
316;139;2006-01-27;2006-02-06;finalizado
410;140;2014-03-21;2014-04-04;finalizado
361;140;2003-10-29;2003-11-09;finalizado
292;141;2013-02-24;2013-03-12;en ruta
449;141;2000-07-20;2000-07-24;perdido
381;142;2017-05-17;2017-05-25;perdido
320;142;2014-07-19;2014-07-21;en ruta
44;143;2006-04-09;2006-04-24;perdido
114;143;2000-02-28;2000-03-16;en ruta
370;144;2008-01-11;2008-01-11;perdido
141;144;2015-01-30;2015-02-06;en ruta
265;145;2009-07-19;2009-08-02;finalizado
379;145;2004-12-11;2004-12-27;finalizado
435;146;2001-11-25;2001-12-13;en ruta
18;146;2001-11-24;2001-11-25;perdido
24;147;2009-04-05;2009-04-15;perdido
42;147;2019-03-30;2019-04-11;finalizado
273;148;2002-09-24;2002-10-09;en ruta
187;148;2012-09-08;2012-09-27;perdido
130;149;2014-05-01;2014-05-09;en ruta
248;149;2006-11-07;2006-11-26;perdido
172;150;2001-12-28;2002-01-09;perdido
196;150;2003-04-03;2003-04-05;finalizado
157;151;2001-10-15;2001-10-26;finalizado
323;151;2001-03-30;2001-04-12;en ruta
41;152;2005-04-28;2005-05-07;finalizado
31;152;2008-05-02;2008-05-17;perdido
67;153;2005-06-14;2005-06-22;finalizado
112;153;2007-10-11;2007-10-12;perdido
252;154;2012-08-03;2012-08-09;perdido
64;154;2001-03-21;2001-03-22;en ruta
41;155;2016-04-30;2016-05-08;perdido
413;155;2007-10-19;2007-11-01;en ruta
398;156;2015-06-18;2015-06-26;perdido
360;156;2004-12-10;2004-12-17;perdido
401;157;2018-09-14;2018-10-01;perdido
117;157;2002-09-11;2002-09-23;finalizado
314;158;2000-02-27;2000-03-02;en ruta
25;158;2012-03-13;2012-03-25;en ruta
178;159;2014-04-27;2014-04-30;perdido
186;159;2015-05-20;2015-05-21;finalizado
264;160;2018-04-08;2018-04-19;en ruta
225;160;2002-09-16;2002-09-30;finalizado
288;161;2012-12-20;2012-12-21;en ruta
276;161;2005-05-13;2005-06-01;perdido
396;162;2000-03-19;2000-04-05;en ruta
379;162;2002-07-04;2002-07-12;perdido
136;163;2007-08-06;2007-08-20;perdido
308;163;2002-03-13;2002-03-20;perdido
427;164;2017-11-26;2017-12-07;perdido
439;164;2007-05-20;2007-05-29;en ruta
132;165;2012-02-14;2012-02-23;en ruta
238;165;2005-05-30;2005-06-17;perdido
227;166;2016-08-04;2016-08-16;finalizado
250;166;2012-02-15;2012-02-29;en ruta
441;167;2018-04-10;2018-04-18;finalizado
92;167;2001-12-26;2002-01-10;en ruta
296;168;2009-05-09;2009-05-18;perdido
219;168;2005-08-13;2005-08-19;en ruta
30;169;2007-04-03;2007-04-13;finalizado
363;169;2015-02-09;2015-02-20;finalizado
58;170;2009-09-10;2009-09-25;finalizado
370;170;2017-07-03;2017-07-07;perdido
434;171;2007-11-16;2007-11-25;en ruta
39;171;2001-08-24;2001-09-12;perdido
190;172;2011-04-15;2011-04-18;en ruta
396;172;2018-11-17;2018-11-24;perdido
69;173;2002-09-05;2002-09-11;perdido
141;173;2009-05-23;2009-06-06;perdido
152;174;2011-11-29;2011-12-04;finalizado
391;174;2010-12-06;2010-12-07;finalizado
240;175;2009-10-31;2009-11-12;perdido
372;175;2017-04-19;2017-04-22;perdido
223;176;2004-10-15;2004-10-23;en ruta
221;176;2000-02-20;2000-03-02;finalizado
57;177;2008-11-30;2008-12-10;finalizado
237;177;2015-10-15;2015-10-19;finalizado
260;178;2006-11-21;2006-11-29;en ruta
118;178;2012-02-13;2012-02-21;en ruta
167;179;2005-05-06;2005-05-16;perdido
206;179;2003-07-25;2003-07-25;perdido
192;180;2010-05-03;2010-05-05;en ruta
438;180;2016-10-14;2016-11-01;en ruta
401;181;2003-09-24;2003-10-06;finalizado
137;181;2002-06-21;2002-06-30;perdido
406;182;2017-05-04;2017-05-22;en ruta
0;182;2005-09-12;2005-09-22;finalizado
72;183;2009-05-26;2009-05-30;finalizado
349;183;2017-03-16;2017-03-25;en ruta
173;184;2002-09-03;2002-09-09;finalizado
360;184;2014-08-15;2014-08-19;en ruta
152;185;2017-04-01;2017-04-17;finalizado
336;185;2001-01-06;2001-01-23;en ruta
443;186;2015-05-25;2015-05-27;finalizado
203;186;2012-01-23;2012-01-24;en ruta
50;187;2001-01-25;2001-02-06;finalizado
239;187;2013-07-26;2013-08-07;finalizado
48;188;2000-07-20;2000-08-05;finalizado
362;188;2013-04-22;2013-04-22;en ruta
287;189;2017-09-27;2017-10-05;en ruta
0;189;2001-09-30;2001-10-18;perdido
8;190;2010-08-13;2010-08-18;finalizado
129;190;2002-05-08;2002-05-09;en ruta
2;191;2006-07-14;2006-07-24;en ruta
212;191;2000-08-05;2000-08-21;finalizado
447;192;2013-09-14;2013-09-17;en ruta
335;192;2009-08-10;2009-08-11;finalizado
289;193;2017-11-24;2017-11-29;en ruta
391;193;2011-03-21;2011-03-22;finalizado
207;194;2011-11-12;2011-11-21;perdido
62;194;2001-08-30;2001-09-16;en ruta
154;195;2005-01-10;2005-01-22;perdido
180;195;2017-05-18;2017-05-19;finalizado
439;196;2017-08-18;2017-08-21;en ruta
4;196;2012-09-25;2012-10-02;perdido
236;197;2016-01-16;2016-01-26;en ruta
332;197;2000-10-25;2000-10-29;perdido
374;198;2014-06-19;2014-06-30;finalizado
385;198;2017-01-06;2017-01-23;perdido
289;199;2002-08-24;2002-09-04;finalizado
397;199;2015-06-13;2015-06-25;finalizado
161;200;2013-03-08;2013-03-17;finalizado
276;200;2016-12-08;2016-12-16;en ruta
78;201;2001-03-03;2001-03-13;perdido
158;201;2018-03-16;2018-04-04;en ruta
408;202;2002-07-14;2002-07-18;en ruta
14;202;2018-12-21;2018-12-29;en ruta
55;203;2010-03-24;2010-03-28;perdido
189;203;2002-01-23;2002-01-26;finalizado
435;204;2011-02-28;2011-03-18;en ruta
134;204;2010-03-07;2010-03-22;perdido
74;205;2002-09-16;2002-10-04;finalizado
168;205;2009-09-10;2009-09-11;finalizado
252;206;2006-02-10;2006-02-26;perdido
439;206;2014-03-18;2014-04-04;finalizado
285;207;2001-06-12;2001-06-28;en ruta
187;207;2006-01-30;2006-02-13;en ruta
145;208;2001-03-19;2001-03-27;perdido
316;208;2004-12-08;2004-12-13;perdido
220;209;2008-08-02;2008-08-05;finalizado
165;209;2009-04-20;2009-04-29;perdido
69;210;2007-04-02;2007-04-12;finalizado
429;210;2013-10-24;2013-11-04;perdido
363;211;2008-02-19;2008-02-24;finalizado
220;211;2007-01-29;2007-02-15;finalizado
189;212;2004-01-15;2004-01-15;en ruta
369;212;2016-11-12;2016-11-29;perdido
211;213;2017-05-31;2017-06-10;en ruta
445;213;2005-01-01;2005-01-09;finalizado
75;214;2009-02-26;2009-03-02;perdido
399;214;2000-07-01;2000-07-16;en ruta
280;215;2013-04-12;2013-04-13;en ruta
6;215;2017-02-09;2017-02-10;perdido
103;216;2008-07-10;2008-07-29;en ruta
242;216;2018-01-09;2018-01-14;perdido
7;217;2018-05-23;2018-06-06;perdido
89;217;2000-07-21;2000-07-24;finalizado
158;218;2005-09-15;2005-09-28;finalizado
191;218;2016-08-24;2016-09-01;finalizado
12;219;2000-02-28;2000-03-09;perdido
376;219;2001-09-03;2001-09-13;en ruta
333;220;2012-04-20;2012-05-01;en ruta
221;220;2002-09-29;2002-10-18;en ruta
333;221;2011-01-30;2011-02-03;perdido
265;221;2018-06-30;2018-06-30;perdido
74;222;2005-10-12;2005-10-12;en ruta
307;222;2000-05-19;2000-06-01;finalizado
68;223;2007-10-10;2007-10-25;perdido
53;223;2004-01-25;2004-02-02;perdido
298;224;2015-10-31;2015-11-15;perdido
160;224;2005-01-17;2005-01-30;perdido
228;225;2010-02-23;2010-02-26;en ruta
191;225;2005-04-11;2005-04-13;finalizado
291;226;2012-01-26;2012-02-13;en ruta
309;226;2006-02-14;2006-02-25;finalizado
84;227;2006-09-18;2006-10-05;finalizado
218;227;2003-01-07;2003-01-16;en ruta
284;228;2018-07-08;2018-07-19;perdido
200;228;2005-05-03;2005-05-10;perdido
207;229;2000-07-01;2000-07-04;perdido
245;229;2007-05-02;2007-05-15;finalizado
371;230;2018-12-25;2019-01-12;en ruta
18;230;2005-03-09;2005-03-13;finalizado
295;231;2019-03-24;2019-03-25;perdido
41;231;2003-05-03;2003-05-21;en ruta
393;232;2012-08-09;2012-08-26;en ruta
333;232;2007-11-22;2007-12-02;finalizado
274;233;2000-01-20;2000-01-26;en ruta
254;233;2012-12-01;2012-12-14;en ruta
430;234;2008-08-30;2008-09-04;finalizado
334;234;2011-08-07;2011-08-23;finalizado
353;235;2005-06-03;2005-06-18;finalizado
45;235;2017-10-03;2017-10-06;en ruta
347;236;2013-01-04;2013-01-20;perdido
300;236;2013-08-11;2013-08-11;finalizado
138;237;2009-05-19;2009-05-19;finalizado
361;237;2005-10-17;2005-11-01;en ruta
204;238;2013-01-18;2013-01-19;en ruta
394;238;2011-03-01;2011-03-01;perdido
339;239;2013-11-14;2013-11-16;perdido
25;239;2010-12-23;2011-01-06;en ruta
239;240;2009-05-09;2009-05-14;finalizado
281;240;2000-12-14;2000-12-19;en ruta
186;241;2018-12-27;2019-01-02;perdido
19;241;2003-09-17;2003-09-23;perdido
286;242;2001-08-26;2001-09-02;en ruta
51;242;2009-08-23;2009-08-29;perdido
389;243;2018-09-20;2018-09-24;en ruta
286;243;2011-05-03;2011-05-17;finalizado
202;244;2019-03-17;2019-03-26;perdido
340;244;2013-03-12;2013-03-25;perdido
338;245;2013-11-30;2013-12-03;perdido
404;245;2002-04-30;2002-05-12;finalizado
284;246;2018-05-28;2018-06-13;perdido
312;246;2011-01-05;2011-01-06;perdido
335;247;2005-07-31;2005-08-07;perdido
134;247;2005-09-24;2005-09-24;perdido
165;248;2017-08-14;2017-08-24;perdido
182;248;2004-11-30;2004-12-01;finalizado
356;249;2007-12-18;2008-01-02;en ruta
304;249;2006-12-15;2007-01-01;en ruta
422;250;2017-10-21;2017-11-05;en ruta
18;250;2012-01-21;2012-01-23;finalizado
427;251;2009-10-25;2009-11-03;en ruta
398;251;2004-05-07;2004-05-24;finalizado
332;252;2011-06-05;2011-06-21;finalizado
63;252;2017-03-22;2017-04-01;perdido
403;253;2011-03-01;2011-03-16;perdido
398;253;2003-03-21;2003-04-02;perdido
428;254;2009-11-23;2009-11-29;perdido
243;254;2003-01-29;2003-02-07;perdido
209;255;2013-04-05;2013-04-24;finalizado
181;255;2005-05-07;2005-05-25;finalizado
352;256;2015-03-06;2015-03-24;finalizado
64;256;2007-08-23;2007-09-11;perdido
184;257;2012-05-17;2012-06-03;finalizado
41;257;2000-02-14;2000-02-25;en ruta
410;258;2004-01-26;2004-02-14;perdido
160;258;2004-07-19;2004-07-24;en ruta
352;259;2014-04-21;2014-05-09;finalizado
170;259;2008-08-10;2008-08-19;finalizado
6;260;2004-06-08;2004-06-13;finalizado
74;260;2008-06-21;2008-06-27;finalizado
39;261;2014-12-26;2015-01-10;en ruta
334;261;2003-12-13;2003-12-27;en ruta
270;262;2008-02-18;2008-03-03;finalizado
370;262;2005-08-05;2005-08-21;finalizado
319;263;2004-09-21;2004-10-04;en ruta
410;263;2018-10-20;2018-10-26;perdido
402;264;2002-09-01;2002-09-19;finalizado
59;264;2001-04-09;2001-04-26;en ruta
86;265;2016-06-01;2016-06-15;en ruta
237;265;2011-04-28;2011-05-15;finalizado
78;266;2018-04-25;2018-05-14;finalizado
8;266;2009-05-14;2009-05-27;finalizado
47;267;2009-07-31;2009-08-17;perdido
279;267;2007-08-24;2007-08-31;finalizado
183;268;2001-08-01;2001-08-10;en ruta
265;268;2015-11-22;2015-11-24;finalizado
446;269;2014-10-01;2014-10-04;perdido
83;269;2011-06-10;2011-06-11;en ruta
163;270;2003-05-15;2003-06-01;perdido
151;270;2009-03-26;2009-04-08;finalizado
2;271;2009-01-07;2009-01-22;perdido
265;271;2016-01-27;2016-02-14;perdido
103;272;2004-09-26;2004-10-14;finalizado
375;272;2007-04-06;2007-04-11;en ruta
435;273;2010-12-20;2010-12-29;perdido
259;273;2014-07-25;2014-07-27;en ruta
245;274;2011-12-10;2011-12-29;en ruta
25;274;2002-04-24;2002-04-26;finalizado
365;275;2010-08-26;2010-08-28;finalizado
299;275;2014-12-21;2015-01-08;en ruta
299;276;2007-11-24;2007-11-30;finalizado
179;276;2004-01-08;2004-01-24;en ruta
397;277;2013-12-09;2013-12-21;perdido
278;277;2007-08-17;2007-08-17;en ruta
178;278;2008-02-07;2008-02-21;finalizado
161;278;2003-07-13;2003-07-26;en ruta
305;279;2000-02-19;2000-03-06;finalizado
135;279;2001-04-03;2001-04-14;finalizado
279;280;2002-11-27;2002-12-09;finalizado
395;280;2000-04-25;2000-04-27;finalizado
134;281;2007-07-16;2007-07-18;perdido
198;281;2000-08-19;2000-08-26;finalizado
24;282;2001-03-29;2001-04-16;perdido
348;282;2006-11-27;2006-12-08;en ruta
274;283;2014-09-01;2014-09-17;finalizado
408;283;2002-04-15;2002-04-26;en ruta
9;284;2015-01-07;2015-01-19;finalizado
205;284;2011-08-24;2011-09-03;en ruta
278;285;2018-08-30;2018-08-30;en ruta
415;285;2010-11-30;2010-12-15;finalizado
427;286;2001-09-13;2001-09-21;perdido
162;286;2016-09-30;2016-10-09;en ruta
2;287;2016-10-05;2016-10-24;en ruta
433;287;2002-04-30;2002-05-03;finalizado
137;288;2011-12-05;2011-12-09;en ruta
357;288;2001-01-02;2001-01-16;en ruta
221;289;2011-03-30;2011-04-11;perdido
131;289;2016-10-15;2016-10-26;en ruta
142;290;2005-07-02;2005-07-20;finalizado
382;290;2009-07-08;2009-07-09;perdido
385;291;2013-11-30;2013-12-12;en ruta
289;291;2012-03-12;2012-03-27;en ruta
254;292;2004-05-26;2004-06-08;en ruta
352;292;2013-05-12;2013-05-17;en ruta
18;293;2012-02-24;2012-03-04;perdido
306;293;2000-09-08;2000-09-13;en ruta
434;294;2007-12-17;2008-01-01;en ruta
325;294;2006-02-25;2006-03-13;perdido
94;295;2002-08-04;2002-08-21;perdido
74;295;2003-07-02;2003-07-14;finalizado
404;296;2006-08-22;2006-08-26;finalizado
107;296;2005-11-01;2005-11-01;en ruta
236;297;2009-04-29;2009-05-13;en ruta
34;297;2013-02-11;2013-02-19;en ruta
228;298;2007-11-23;2007-11-28;finalizado
178;298;2004-04-23;2004-04-28;perdido
68;299;2017-03-18;2017-03-20;perdido
419;299;2015-09-13;2015-09-18;en ruta
412;300;2000-04-16;2000-04-27;perdido
251;300;2011-02-08;2011-02-14;finalizado
420;301;2016-03-10;2016-03-21;finalizado
31;301;2010-10-23;2010-10-24;finalizado
419;302;2017-07-24;2017-08-05;perdido
1;302;2005-06-30;2005-07-03;perdido
209;303;2013-06-09;2013-06-20;finalizado
411;303;2006-06-03;2006-06-08;perdido
237;304;2018-03-23;2018-04-07;finalizado
352;304;2016-08-01;2016-08-20;en ruta
95;305;2015-10-31;2015-11-15;finalizado
157;305;2003-03-20;2003-03-25;finalizado
183;306;2013-09-22;2013-09-22;en ruta
171;306;2000-02-08;2000-02-15;perdido
275;307;2005-02-12;2005-02-17;en ruta
134;307;2018-05-10;2018-05-12;perdido
429;308;2017-06-17;2017-06-18;perdido
154;308;2004-07-23;2004-07-29;en ruta
63;309;2015-03-01;2015-03-04;en ruta
40;309;2009-06-21;2009-06-24;finalizado
415;310;2013-10-29;2013-11-15;en ruta
443;310;2008-08-22;2008-08-27;en ruta
275;311;2011-04-04;2011-04-16;en ruta
56;311;2004-02-20;2004-02-20;finalizado
168;312;2003-06-03;2003-06-17;en ruta
100;312;2017-09-27;2017-10-10;finalizado
283;313;2003-11-02;2003-11-08;perdido
412;313;2008-01-15;2008-01-18;perdido
296;314;2010-10-13;2010-10-29;perdido
332;314;2007-01-17;2007-01-17;perdido
197;315;2018-06-25;2018-07-11;finalizado
99;315;2018-05-01;2018-05-13;perdido
174;316;2015-01-22;2015-01-27;en ruta
201;316;2001-10-18;2001-10-18;finalizado
67;317;2008-10-05;2008-10-23;finalizado
65;317;2018-08-19;2018-09-07;en ruta
91;318;2001-01-18;2001-01-24;en ruta
104;318;2005-12-18;2005-12-18;perdido
253;319;2009-11-26;2009-12-15;finalizado
256;319;2000-10-28;2000-11-13;perdido
283;320;2015-09-27;2015-10-10;perdido
46;320;2010-01-22;2010-01-31;perdido
159;321;2006-04-20;2006-05-05;en ruta
245;321;2016-04-15;2016-05-04;perdido
229;322;2000-07-28;2000-08-16;finalizado
48;322;2016-05-04;2016-05-17;perdido
92;323;2004-09-19;2004-10-05;perdido
167;323;2011-09-08;2011-09-09;perdido
99;324;2002-03-03;2002-03-06;perdido
404;324;2013-10-30;2013-11-05;finalizado
173;325;2008-07-31;2008-08-11;finalizado
430;325;2000-02-20;2000-02-21;perdido
346;326;2000-03-17;2000-04-01;finalizado
108;326;2005-01-19;2005-02-05;perdido
26;327;2016-10-05;2016-10-09;en ruta
86;327;2002-02-20;2002-03-06;perdido
417;328;2008-02-12;2008-02-25;en ruta
441;328;2006-11-07;2006-11-26;finalizado
212;329;2011-05-28;2011-06-11;en ruta
99;329;2017-11-14;2017-12-01;perdido
32;330;2007-06-22;2007-06-24;finalizado
86;330;2000-04-25;2000-04-25;en ruta
210;331;2002-06-18;2002-07-02;perdido
181;331;2003-10-05;2003-10-21;en ruta
309;332;2009-05-20;2009-05-31;perdido
7;332;2009-10-24;2009-10-28;en ruta
248;333;2013-07-14;2013-07-25;perdido
278;333;2013-05-08;2013-05-09;finalizado
412;334;2018-01-09;2018-01-09;perdido
145;334;2000-01-03;2000-01-09;finalizado
64;335;2012-09-23;2012-10-05;en ruta
443;335;2005-10-12;2005-10-24;en ruta
364;336;2014-07-23;2014-07-25;finalizado
3;336;2006-05-25;2006-06-12;en ruta
261;337;2002-10-07;2002-10-18;finalizado
368;337;2001-04-25;2001-05-13;perdido
183;338;2011-01-04;2011-01-16;perdido
184;338;2004-06-12;2004-06-16;perdido
117;339;2004-12-11;2004-12-13;perdido
437;339;2000-10-09;2000-10-23;en ruta
80;340;2005-03-20;2005-03-30;perdido
238;340;2005-10-04;2005-10-15;finalizado
184;341;2009-04-15;2009-05-01;finalizado
185;341;2000-04-12;2000-04-19;en ruta
396;342;2007-12-05;2007-12-10;perdido
120;342;2019-02-02;2019-02-15;finalizado
59;343;2002-09-21;2002-10-01;perdido
284;343;2013-10-08;2013-10-12;perdido
182;344;2010-05-04;2010-05-16;en ruta
414;344;2014-02-01;2014-02-16;finalizado
174;345;2016-12-09;2016-12-22;perdido
331;345;2009-06-17;2009-06-23;perdido
60;346;2010-11-19;2010-12-04;en ruta
406;346;2013-02-22;2013-03-06;en ruta
85;347;2005-10-22;2005-11-09;finalizado
278;347;2007-07-02;2007-07-08;finalizado
274;348;2003-09-11;2003-09-23;perdido
248;348;2002-03-31;2002-04-03;finalizado
43;349;2006-09-05;2006-09-14;perdido
228;349;2017-01-10;2017-01-14;en ruta
180;350;2010-10-09;2010-10-18;en ruta
295;350;2002-03-07;2002-03-12;en ruta
249;351;2015-06-03;2015-06-12;perdido
343;351;2016-03-23;2016-04-04;finalizado
52;352;2005-07-30;2005-08-01;perdido
73;352;2005-05-19;2005-05-26;en ruta
2;353;2013-06-05;2013-06-19;perdido
174;353;2014-07-06;2014-07-11;finalizado
219;354;2013-02-04;2013-02-14;finalizado
436;354;2016-07-20;2016-08-07;finalizado
262;355;2006-07-10;2006-07-21;perdido
314;355;2005-05-10;2005-05-18;finalizado
230;356;2013-04-20;2013-05-07;finalizado
20;356;2005-03-05;2005-03-16;finalizado
436;357;2009-05-25;2009-05-30;perdido
184;357;2010-06-16;2010-07-02;en ruta
102;358;2017-10-30;2017-11-05;en ruta
341;358;2001-10-12;2001-10-25;finalizado
288;359;2016-11-24;2016-11-24;en ruta
222;359;2017-12-30;2018-01-03;perdido
285;360;2017-01-27;2017-02-15;en ruta
49;360;2009-07-21;2009-07-29;finalizado
130;361;2015-12-12;2015-12-19;en ruta
190;361;2013-06-16;2013-06-16;perdido
74;362;2004-05-12;2004-05-23;en ruta
64;362;2006-12-01;2006-12-13;perdido
163;363;2015-08-28;2015-09-09;finalizado
46;363;2016-01-06;2016-01-15;finalizado
384;364;2012-09-14;2012-09-16;en ruta
227;364;2011-01-11;2011-01-14;finalizado
396;365;2002-12-24;2003-01-02;finalizado
109;365;2003-11-18;2003-11-29;perdido
18;366;2004-10-20;2004-11-03;finalizado
442;366;2013-05-19;2013-06-06;en ruta
408;367;2000-05-02;2000-05-09;perdido
310;367;2010-07-24;2010-07-30;en ruta
82;368;2002-10-28;2002-11-04;en ruta
93;368;2018-04-14;2018-05-02;en ruta
217;369;2011-10-10;2011-10-24;finalizado
128;369;2007-07-02;2007-07-15;finalizado
189;370;2013-08-25;2013-08-27;en ruta
40;370;2012-07-06;2012-07-10;finalizado
162;371;2003-06-05;2003-06-16;perdido
187;371;2002-07-15;2002-07-22;en ruta
118;372;2018-01-12;2018-01-30;en ruta
199;372;2006-11-09;2006-11-21;en ruta
184;373;2005-04-23;2005-05-05;en ruta
186;373;2012-05-20;2012-05-24;en ruta
106;374;2007-11-01;2007-11-18;perdido
159;374;2017-03-03;2017-03-16;finalizado
111;375;2009-07-09;2009-07-20;finalizado
248;375;2011-01-11;2011-01-12;en ruta
4;376;2004-10-11;2004-10-16;perdido
180;376;2006-07-25;2006-07-30;en ruta
308;377;2016-05-24;2016-05-31;finalizado
165;377;2015-06-21;2015-07-09;finalizado
178;378;2010-04-17;2010-04-23;finalizado
254;378;2009-12-20;2009-12-23;perdido
224;379;2011-08-24;2011-09-05;en ruta
178;379;2007-01-27;2007-01-30;perdido
130;380;2017-05-22;2017-05-24;perdido
432;380;2000-03-11;2000-03-19;perdido
88;381;2014-02-02;2014-02-14;en ruta
265;381;2010-11-28;2010-11-28;en ruta
160;382;2015-05-27;2015-05-27;finalizado
26;382;2008-10-03;2008-10-05;perdido
406;383;2000-05-16;2000-05-22;en ruta
135;383;2012-08-14;2012-08-15;perdido
11;384;2006-05-27;2006-06-06;en ruta
150;384;2005-02-22;2005-03-06;finalizado
355;385;2001-12-17;2001-12-28;perdido
418;385;2004-08-28;2004-09-12;perdido
437;386;2006-12-23;2007-01-11;en ruta
31;386;2001-03-03;2001-03-06;perdido
321;387;2017-06-11;2017-06-25;en ruta
368;387;2010-02-28;2010-03-06;perdido
207;388;2005-07-31;2005-08-10;finalizado
36;388;2000-12-24;2001-01-01;finalizado
281;389;2006-05-09;2006-05-17;en ruta
372;389;2004-11-24;2004-11-26;finalizado
116;390;2004-03-26;2004-04-10;finalizado
406;390;2015-01-28;2015-02-06;en ruta
123;391;2001-07-07;2001-07-11;perdido
128;391;2016-06-10;2016-06-22;en ruta
390;392;2001-10-29;2001-11-06;finalizado
252;392;2009-11-18;2009-12-01;finalizado
93;393;2005-02-17;2005-02-23;perdido
208;393;2007-07-30;2007-08-03;en ruta
123;394;2016-03-04;2016-03-19;en ruta
245;394;2015-03-04;2015-03-06;en ruta
442;395;2015-11-10;2015-11-28;en ruta
71;395;2007-02-19;2007-03-04;finalizado
18;396;2002-11-19;2002-11-20;finalizado
271;396;2014-09-14;2014-10-01;finalizado
386;397;2004-12-15;2004-12-26;en ruta
110;397;2010-12-05;2010-12-23;finalizado
278;398;2015-07-01;2015-07-12;en ruta
13;398;2014-07-18;2014-07-31;finalizado
195;399;2006-11-14;2006-12-02;perdido
432;399;2001-11-06;2001-11-12;en ruta
289;400;2011-05-28;2011-06-15;en ruta
444;400;2016-08-13;2016-08-19;en ruta
257;401;2009-03-09;2009-03-20;perdido
211;401;2004-07-18;2004-08-02;finalizado
249;402;2015-09-21;2015-09-28;en ruta
91;402;2011-09-30;2011-10-04;perdido
391;403;2003-01-04;2003-01-17;perdido
305;403;2006-10-18;2006-10-22;en ruta
275;404;2008-11-17;2008-11-20;en ruta
291;404;2006-09-02;2006-09-04;en ruta
212;405;2010-11-11;2010-11-14;perdido
304;405;2009-08-01;2009-08-03;finalizado
202;406;2014-06-22;2014-07-10;finalizado
123;406;2018-12-30;2019-01-04;perdido
275;407;2005-04-30;2005-04-30;perdido
206;407;2005-10-16;2005-10-18;perdido
29;408;2016-01-19;2016-02-04;en ruta
348;408;2008-09-30;2008-10-08;finalizado
440;409;2005-03-08;2005-03-21;finalizado
313;409;2001-04-27;2001-05-10;finalizado
238;410;2003-08-11;2003-08-16;perdido
316;410;2007-12-19;2007-12-30;en ruta
93;411;2003-09-01;2003-09-20;perdido
221;411;2006-04-26;2006-05-12;finalizado
409;412;2004-01-14;2004-01-27;perdido
432;412;2015-05-07;2015-05-14;perdido
430;413;2001-12-01;2001-12-11;perdido
186;413;2001-09-12;2001-09-18;perdido
354;414;2000-08-11;2000-08-11;perdido
191;414;2006-05-23;2006-06-08;en ruta
39;415;2018-09-27;2018-10-14;perdido
352;415;2001-07-06;2001-07-19;finalizado
115;416;2010-04-07;2010-04-12;en ruta
114;416;2003-10-28;2003-11-01;finalizado
208;417;2005-08-26;2005-09-11;finalizado
429;417;2003-03-16;2003-03-25;perdido
197;418;2010-11-23;2010-12-04;perdido
255;418;2004-06-22;2004-06-26;perdido
104;419;2018-04-04;2018-04-14;en ruta
140;419;2008-09-01;2008-09-10;finalizado
316;420;2012-05-12;2012-05-12;perdido
250;420;2011-02-20;2011-03-02;perdido
444;421;2005-04-26;2005-04-29;perdido
103;421;2009-06-11;2009-06-22;perdido
258;422;2007-04-05;2007-04-08;perdido
246;422;2016-08-28;2016-09-04;perdido
55;423;2009-02-24;2009-02-24;en ruta
343;423;2009-04-01;2009-04-02;finalizado
267;424;2003-06-02;2003-06-09;finalizado
439;424;2000-11-11;2000-11-11;en ruta
419;425;2018-01-05;2018-01-17;finalizado
111;425;2009-09-25;2009-10-12;en ruta
445;426;2005-03-31;2005-04-16;en ruta
390;426;2004-01-15;2004-01-17;finalizado
168;427;2014-01-17;2014-01-26;finalizado
265;427;2011-08-31;2011-09-10;finalizado
298;428;2006-08-21;2006-08-23;perdido
102;428;2012-01-15;2012-01-21;en ruta
337;429;2013-04-14;2013-05-02;finalizado
408;429;2005-10-08;2005-10-12;finalizado
226;430;2011-08-22;2011-08-25;en ruta
86;430;2001-05-12;2001-05-27;perdido
235;431;2011-01-06;2011-01-06;perdido
143;431;2013-03-20;2013-03-25;en ruta
56;432;2017-05-12;2017-05-26;perdido
379;432;2007-01-02;2007-01-15;perdido
441;433;2008-06-24;2008-06-24;perdido
418;433;2017-05-31;2017-05-31;finalizado
435;434;2003-07-08;2003-07-22;finalizado
71;434;2002-04-05;2002-04-05;perdido
269;435;2015-09-12;2015-09-13;finalizado
54;435;2001-12-25;2001-12-26;finalizado
224;436;2015-04-28;2015-05-01;en ruta
347;436;2009-08-06;2009-08-15;finalizado
392;437;2010-05-25;2010-05-31;perdido
321;437;2005-08-11;2005-08-17;en ruta
270;438;2015-11-29;2015-12-11;perdido
413;438;2011-07-29;2011-07-31;perdido
362;439;2007-06-15;2007-06-29;en ruta
106;439;2003-08-27;2003-09-14;finalizado
46;440;2008-07-20;2008-07-28;en ruta
184;440;2019-02-27;2019-03-13;perdido
21;441;2012-12-29;2013-01-05;en ruta
345;441;2000-04-07;2000-04-20;perdido
431;442;2006-06-01;2006-06-18;perdido
24;442;2012-04-05;2012-04-11;finalizado
54;443;2016-05-14;2016-05-22;perdido
199;443;2005-06-01;2005-06-11;en ruta
182;444;2001-08-05;2001-08-07;finalizado
379;444;2003-02-15;2003-02-21;finalizado
7;445;2011-10-15;2011-10-19;finalizado
299;445;2010-12-03;2010-12-07;perdido
413;446;2008-11-26;2008-12-05;perdido
160;446;2011-02-21;2011-02-22;perdido
235;447;2010-06-19;2010-07-05;finalizado
20;447;2000-12-11;2000-12-25;en ruta
5;448;2009-12-28;2010-01-14;perdido
419;448;2008-10-06;2008-10-13;en ruta
385;449;2010-11-21;2010-11-27;finalizado
250;449;2008-11-13;2008-12-01;perdido
8;450;2010-06-04;2010-06-07;finalizado
24;450;2007-01-23;2007-02-09;en ruta
325;451;2009-10-08;2009-10-27;perdido
349;451;2000-11-12;2000-11-12;en ruta
187;452;2017-08-26;2017-09-12;en ruta
314;452;2013-08-28;2013-09-03;perdido
229;453;2003-06-05;2003-06-16;finalizado
284;453;2017-12-20;2017-12-22;perdido
162;454;2013-03-11;2013-03-13;finalizado
43;454;2008-08-07;2008-08-07;en ruta
170;455;2018-02-25;2018-03-01;en ruta
340;455;2004-05-05;2004-05-21;perdido
196;456;2007-04-26;2007-05-05;finalizado
356;456;2010-04-01;2010-04-09;en ruta
240;457;2013-07-27;2013-07-30;en ruta
32;457;2007-09-28;2007-10-09;finalizado
8;458;2017-04-03;2017-04-06;perdido
187;458;2003-01-10;2003-01-16;en ruta
425;459;2010-12-09;2010-12-09;perdido
260;459;2009-07-18;2009-07-19;finalizado
440;460;2001-01-28;2001-02-02;en ruta
383;460;2018-11-10;2018-11-15;en ruta
376;461;2002-01-04;2002-01-12;finalizado
134;461;2000-10-25;2000-11-03;en ruta
2;462;2013-09-19;2013-10-04;finalizado
182;462;2005-08-19;2005-09-03;finalizado
226;463;2006-10-09;2006-10-22;en ruta
306;463;2008-04-03;2008-04-22;perdido
408;464;2012-05-22;2012-06-02;perdido
332;464;2003-11-04;2003-11-12;en ruta
392;465;2007-10-30;2007-11-14;finalizado
315;465;2014-10-29;2014-11-15;perdido
443;466;2016-01-14;2016-01-30;perdido
99;466;2001-02-01;2001-02-17;en ruta
178;467;2009-06-14;2009-06-23;en ruta
86;467;2015-02-02;2015-02-09;perdido
25;468;2000-07-02;2000-07-07;perdido
411;468;2010-04-26;2010-05-13;en ruta
81;469;2001-05-21;2001-05-28;perdido
270;469;2016-05-10;2016-05-10;perdido
449;470;2015-06-19;2015-06-27;perdido
188;470;2004-10-20;2004-11-06;perdido
409;471;2011-02-19;2011-02-21;finalizado
162;471;2010-03-24;2010-03-31;en ruta
351;472;2005-06-02;2005-06-08;perdido
144;472;2014-10-08;2014-10-14;finalizado
186;473;2004-09-21;2004-10-03;perdido
304;473;2002-08-25;2002-09-03;finalizado
278;474;2015-03-07;2015-03-10;finalizado
132;474;2016-05-24;2016-05-30;en ruta
366;475;2018-01-25;2018-02-02;en ruta
60;475;2016-01-21;2016-02-04;finalizado
303;476;2001-10-07;2001-10-17;finalizado
38;476;2002-02-22;2002-03-11;en ruta
171;477;2017-05-09;2017-05-26;perdido
289;477;2018-11-13;2018-12-01;perdido
67;478;2000-10-07;2000-10-20;perdido
380;478;2011-12-28;2011-12-28;perdido
251;479;2013-01-24;2013-02-06;en ruta
298;479;2007-07-19;2007-07-21;finalizado
134;480;2014-12-20;2015-01-07;finalizado
109;480;2016-05-30;2016-06-02;perdido
181;481;2010-04-13;2010-04-27;en ruta
14;481;2009-07-19;2009-07-30;en ruta
18;482;2001-07-18;2001-07-26;finalizado
428;482;2004-04-22;2004-05-04;finalizado
367;483;2019-01-21;2019-01-24;finalizado
337;483;2010-08-25;2010-09-04;perdido
161;484;2003-01-17;2003-01-18;perdido
65;484;2001-08-23;2001-09-08;finalizado
273;485;2003-04-22;2003-05-08;finalizado
341;485;2017-10-16;2017-10-26;finalizado
52;486;2003-10-24;2003-11-07;en ruta
16;486;2010-01-08;2010-01-17;perdido
94;487;2001-02-05;2001-02-06;finalizado
442;487;2016-09-28;2016-09-30;perdido
317;488;2016-03-11;2016-03-17;en ruta
121;488;2011-07-24;2011-08-12;finalizado
8;489;2006-04-12;2006-04-25;finalizado
50;489;2012-02-21;2012-03-05;en ruta
115;490;2006-10-25;2006-11-09;perdido
363;490;2017-07-21;2017-07-30;perdido
364;491;2006-12-05;2006-12-10;perdido
400;491;2015-05-11;2015-05-30;finalizado
280;492;2018-09-25;2018-09-28;finalizado
150;492;2007-11-17;2007-11-22;en ruta
153;493;2001-03-02;2001-03-18;en ruta
54;493;2018-04-11;2018-04-24;perdido
191;494;2010-06-02;2010-06-20;en ruta
189;494;2016-01-09;2016-01-09;perdido
397;495;2014-08-14;2014-08-30;en ruta
167;495;2003-01-27;2003-02-02;finalizado
55;496;2011-12-26;2011-12-27;perdido
100;496;2012-04-19;2012-04-24;finalizado
443;497;2003-11-01;2003-11-15;perdido
61;497;2007-04-21;2007-04-30;en ruta
406;498;2012-10-31;2012-11-16;perdido
397;498;2010-11-02;2010-11-02;en ruta
306;499;2012-06-09;2012-06-27;perdido
154;499;2013-04-05;2013-04-13;en ruta
416;500;2018-04-20;2018-05-06;finalizado
118;500;2000-03-02;2000-03-19;en ruta
409;501;2011-05-04;2011-05-12;finalizado
111;501;2010-01-27;2010-02-02;finalizado
369;502;2015-02-08;2015-02-12;perdido
155;502;2004-11-24;2004-12-03;perdido
429;503;2001-03-15;2001-03-23;finalizado
209;503;2013-06-01;2013-06-03;en ruta
357;504;2007-01-03;2007-01-15;en ruta
125;504;2015-04-07;2015-04-22;en ruta
54;505;2008-01-03;2008-01-07;finalizado
420;505;2015-09-18;2015-09-24;en ruta
231;506;2002-12-05;2002-12-15;perdido
403;506;2000-01-14;2000-01-24;perdido
233;507;2003-05-18;2003-05-29;en ruta
429;507;2010-05-28;2010-06-07;en ruta
216;508;2005-01-08;2005-01-21;en ruta
12;508;2013-09-16;2013-10-03;finalizado
367;509;2013-06-11;2013-06-21;finalizado
107;509;2015-05-23;2015-05-27;finalizado
236;510;2004-08-01;2004-08-20;finalizado
131;510;2014-10-26;2014-11-05;en ruta
226;511;2000-11-12;2000-11-16;perdido
163;511;2009-03-03;2009-03-07;finalizado
80;512;2018-09-06;2018-09-13;en ruta
320;512;2011-09-06;2011-09-23;finalizado
363;513;2008-07-24;2008-08-06;en ruta
172;513;2010-11-22;2010-11-23;en ruta
301;514;2015-01-05;2015-01-21;en ruta
433;514;2006-08-28;2006-08-28;finalizado
238;515;2004-06-09;2004-06-24;en ruta
201;515;2009-05-16;2009-06-01;perdido
66;516;2009-10-25;2009-11-05;perdido
117;516;2014-05-20;2014-06-07;perdido
345;517;2005-09-18;2005-10-05;perdido
391;517;2012-09-30;2012-10-04;perdido
254;518;2016-09-04;2016-09-08;en ruta
298;518;2012-10-12;2012-10-27;finalizado
4;519;2011-12-15;2012-01-02;en ruta
132;519;2015-06-08;2015-06-14;finalizado
82;520;2016-07-29;2016-08-09;perdido
220;520;2016-04-14;2016-04-18;perdido
122;521;2014-04-23;2014-04-23;finalizado
437;521;2016-11-08;2016-11-09;perdido
273;522;2004-12-20;2005-01-01;finalizado
298;522;2014-02-10;2014-02-28;finalizado
169;523;2011-04-21;2011-04-22;finalizado
25;523;2003-05-07;2003-05-14;finalizado
270;524;2015-03-30;2015-04-02;perdido
309;524;2000-06-14;2000-06-18;perdido
366;525;2015-06-07;2015-06-18;en ruta
207;525;2006-03-13;2006-03-18;en ruta
430;526;2011-03-29;2011-04-11;en ruta
45;526;2007-03-09;2007-03-09;en ruta
112;527;2018-08-19;2018-08-26;perdido
377;527;2000-10-01;2000-10-05;finalizado
316;528;2000-09-23;2000-10-10;perdido
257;528;2010-10-22;2010-10-30;finalizado
309;529;2011-10-27;2011-11-04;perdido
354;529;2001-06-10;2001-06-19;finalizado
110;530;2011-07-16;2011-07-29;en ruta
62;530;2002-06-15;2002-06-24;perdido
96;531;2016-06-05;2016-06-08;finalizado
62;531;2014-11-11;2014-11-14;en ruta
324;532;2006-11-07;2006-11-25;perdido
71;532;2001-05-05;2001-05-23;en ruta
212;533;2019-02-02;2019-02-19;finalizado
107;533;2011-05-19;2011-05-22;finalizado
24;534;2003-03-07;2003-03-18;en ruta
230;534;2006-08-28;2006-09-09;perdido
280;535;2018-02-06;2018-02-18;perdido
356;535;2002-10-04;2002-10-18;finalizado
4;536;2009-01-03;2009-01-12;en ruta
294;536;2001-03-26;2001-03-28;perdido
36;537;2003-10-15;2003-10-23;finalizado
232;537;2003-02-07;2003-02-20;en ruta
382;538;2010-01-16;2010-01-31;perdido
285;538;2012-09-07;2012-09-20;finalizado
211;539;2014-05-21;2014-06-07;finalizado
56;539;2018-03-18;2018-03-25;perdido
30;540;2001-02-04;2001-02-23;finalizado
266;540;2016-01-26;2016-02-03;en ruta
96;541;2015-10-17;2015-10-26;en ruta
425;541;2018-04-05;2018-04-22;finalizado
108;542;2012-01-05;2012-01-05;en ruta
202;542;2015-08-26;2015-09-14;finalizado
115;543;2017-10-19;2017-10-21;en ruta
107;543;2011-09-08;2011-09-22;perdido
425;544;2001-01-01;2001-01-10;perdido
319;544;2010-09-24;2010-10-09;perdido
1;545;2001-11-12;2001-11-18;perdido
387;545;2000-08-03;2000-08-04;en ruta
304;546;2008-08-20;2008-09-03;perdido
219;546;2004-05-27;2004-06-08;finalizado
223;547;2000-02-06;2000-02-18;en ruta
192;547;2012-08-30;2012-09-13;finalizado
114;548;2011-06-11;2011-06-19;finalizado
286;548;2002-06-08;2002-06-21;finalizado
124;549;2005-06-13;2005-06-14;perdido
347;549;2008-07-20;2008-07-28;finalizado
291;550;2012-04-25;2012-05-05;perdido
320;550;2013-05-11;2013-05-12;perdido
74;551;2001-09-21;2001-10-05;finalizado
307;551;2011-06-10;2011-06-11;en ruta
448;552;2009-06-05;2009-06-12;perdido
244;552;2006-11-28;2006-12-05;en ruta
106;553;2001-09-26;2001-10-12;finalizado
135;553;2001-09-10;2001-09-11;en ruta
0;554;2011-07-11;2011-07-14;en ruta
52;554;2006-02-18;2006-02-25;en ruta
310;555;2005-05-30;2005-06-05;en ruta
195;555;2007-09-10;2007-09-15;perdido
127;556;2012-11-08;2012-11-23;en ruta
292;556;2000-10-26;2000-11-06;perdido
133;557;2014-05-12;2014-05-15;en ruta
17;557;2013-10-22;2013-11-10;perdido
228;558;2007-10-30;2007-11-13;perdido
326;558;2009-12-01;2009-12-16;finalizado
56;559;2006-12-02;2006-12-02;en ruta
113;559;2004-12-26;2005-01-02;finalizado
191;560;2016-02-06;2016-02-23;finalizado
156;560;2012-06-29;2012-07-16;finalizado
104;561;2012-04-06;2012-04-13;finalizado
128;561;2012-09-03;2012-09-14;finalizado
76;562;2011-09-01;2011-09-04;finalizado
269;562;2016-12-29;2017-01-05;perdido
228;563;2008-10-10;2008-10-29;en ruta
88;563;2004-09-18;2004-10-05;perdido
230;564;2002-07-22;2002-08-01;perdido
417;564;2015-12-05;2015-12-11;en ruta
348;565;2009-02-09;2009-02-27;perdido
396;565;2000-04-11;2000-04-11;finalizado
27;566;2015-01-24;2015-01-27;en ruta
71;566;2000-03-29;2000-04-09;en ruta
265;567;2019-03-15;2019-04-01;finalizado
402;567;2001-02-11;2001-02-12;finalizado
27;568;2008-05-27;2008-06-04;perdido
113;568;2017-03-04;2017-03-22;perdido
183;569;2017-01-19;2017-01-29;finalizado
449;569;2000-12-24;2001-01-10;finalizado
288;570;2016-12-15;2016-12-22;finalizado
281;570;2004-10-31;2004-11-16;en ruta
312;571;2008-12-24;2008-12-30;finalizado
338;571;2006-05-31;2006-06-03;finalizado
290;572;2014-05-26;2014-06-10;finalizado
60;572;2011-06-28;2011-07-10;finalizado
228;573;2018-06-02;2018-06-17;en ruta
15;573;2018-01-10;2018-01-29;en ruta
102;574;2001-10-25;2001-11-10;perdido
389;574;2013-05-17;2013-05-23;finalizado
211;575;2017-01-16;2017-02-01;en ruta
125;575;2009-08-09;2009-08-10;en ruta
236;576;2009-10-10;2009-10-29;en ruta
348;576;2003-05-07;2003-05-08;perdido
96;577;2012-02-23;2012-02-28;en ruta
436;577;2014-11-04;2014-11-19;finalizado
391;578;2007-06-13;2007-06-18;en ruta
211;578;2002-09-07;2002-09-21;finalizado
3;579;2000-08-20;2000-08-30;en ruta
344;579;2015-05-24;2015-05-29;en ruta
260;580;2018-03-27;2018-04-07;en ruta
210;580;2017-06-27;2017-07-15;finalizado
38;581;2011-05-06;2011-05-08;finalizado
332;581;2008-08-24;2008-09-09;en ruta
232;582;2017-04-06;2017-04-09;finalizado
81;582;2009-07-19;2009-08-03;perdido
6;583;2009-05-07;2009-05-16;en ruta
31;583;2008-08-25;2008-09-07;perdido
163;584;2005-08-08;2005-08-15;perdido
322;584;2004-01-04;2004-01-13;finalizado
275;585;2006-04-14;2006-04-27;finalizado
135;585;2012-10-01;2012-10-18;perdido
283;586;2012-03-23;2012-04-03;en ruta
291;586;2006-04-14;2006-04-24;en ruta
427;587;2009-10-31;2009-11-19;finalizado
29;587;2005-01-23;2005-01-26;finalizado
117;588;2001-03-31;2001-04-04;finalizado
329;588;2001-11-06;2001-11-07;perdido
364;589;2002-08-10;2002-08-21;perdido
277;589;2009-02-06;2009-02-08;finalizado
129;590;2013-12-15;2014-01-01;finalizado
203;590;2017-09-02;2017-09-12;perdido
300;591;2005-07-13;2005-07-14;perdido
102;591;2009-01-14;2009-01-27;perdido
251;592;2008-05-08;2008-05-27;en ruta
367;592;2000-04-29;2000-05-14;en ruta
401;593;2007-09-13;2007-09-18;perdido
137;593;2001-10-29;2001-11-10;en ruta
358;594;2009-03-10;2009-03-28;finalizado
168;594;2002-09-17;2002-10-06;perdido
32;595;2010-05-31;2010-06-03;finalizado
312;595;2012-10-11;2012-10-28;en ruta
244;596;2004-06-28;2004-07-02;finalizado
39;596;2007-11-09;2007-11-19;perdido
193;597;2016-06-12;2016-06-26;en ruta
254;597;2016-08-18;2016-09-02;perdido
145;598;2006-09-27;2006-10-05;finalizado
307;598;2009-11-08;2009-11-13;perdido
374;599;2010-12-29;2010-12-31;perdido
155;599;2011-11-09;2011-11-13;finalizado
292;600;2008-02-24;2008-03-06;en ruta
12;600;2003-07-24;2003-08-05;finalizado
366;601;2009-05-16;2009-05-20;finalizado
209;601;2004-04-24;2004-05-12;en ruta
200;602;2016-07-18;2016-07-26;en ruta
424;602;2003-11-27;2003-11-30;finalizado
399;603;2012-05-20;2012-06-03;en ruta
95;603;2008-08-23;2008-08-27;perdido
59;604;2004-07-13;2004-07-20;perdido
197;604;2009-03-21;2009-03-26;en ruta
117;605;2012-03-31;2012-04-13;perdido
7;605;2013-02-05;2013-02-20;perdido
245;606;2003-02-02;2003-02-08;finalizado
349;606;2007-03-09;2007-03-25;perdido
73;607;2002-03-04;2002-03-23;perdido
1;607;2008-01-13;2008-01-27;finalizado
242;608;2011-04-09;2011-04-20;en ruta
424;608;2013-07-04;2013-07-21;finalizado
361;609;2017-12-15;2017-12-29;finalizado
109;609;2002-12-30;2003-01-09;perdido
246;610;2018-03-02;2018-03-04;perdido
314;610;2003-03-02;2003-03-15;en ruta
333;611;2006-09-01;2006-09-04;perdido
445;611;2003-07-29;2003-08-05;finalizado
372;612;2003-11-30;2003-12-08;finalizado
196;612;2000-03-29;2000-04-08;en ruta
311;613;2017-01-15;2017-01-24;perdido
121;613;2013-12-18;2013-12-26;finalizado
34;614;2009-11-25;2009-12-08;finalizado
223;614;2012-04-14;2012-04-22;finalizado
37;615;2016-07-10;2016-07-11;finalizado
137;615;2010-03-01;2010-03-01;perdido
26;616;2000-07-07;2000-07-15;en ruta
110;616;2007-06-18;2007-06-19;finalizado
166;617;2002-12-12;2002-12-22;finalizado
393;617;2013-01-28;2013-02-03;finalizado
201;618;2011-10-26;2011-11-05;finalizado
313;618;2010-05-16;2010-06-02;finalizado
431;619;2015-04-21;2015-04-28;finalizado
42;619;2006-11-21;2006-11-26;en ruta
80;620;2011-05-27;2011-06-11;en ruta
95;620;2007-05-06;2007-05-21;finalizado
328;621;2002-10-03;2002-10-16;en ruta
112;621;2007-08-28;2007-09-12;en ruta
21;622;2016-10-21;2016-11-01;en ruta
379;622;2000-03-19;2000-03-19;finalizado
236;623;2006-02-19;2006-03-05;finalizado
274;623;2007-09-03;2007-09-05;finalizado
238;624;2008-08-09;2008-08-26;perdido
154;624;2014-12-15;2014-12-24;perdido
96;625;2001-05-08;2001-05-24;en ruta
359;625;2017-12-18;2017-12-24;perdido
169;626;2009-02-16;2009-02-23;en ruta
87;626;2016-03-03;2016-03-10;finalizado
394;627;2011-08-24;2011-08-24;perdido
118;627;2008-01-06;2008-01-13;finalizado
36;628;2016-06-10;2016-06-24;en ruta
32;628;2003-04-20;2003-04-22;perdido
369;629;2001-09-20;2001-09-22;finalizado
134;629;2001-01-21;2001-02-09;perdido
218;630;2006-06-05;2006-06-07;perdido
303;630;2002-12-17;2003-01-03;en ruta
156;631;2009-10-29;2009-11-02;en ruta
409;631;2004-11-04;2004-11-13;perdido
359;632;2018-09-19;2018-10-04;finalizado
429;632;2015-07-20;2015-08-01;en ruta
366;633;2008-11-13;2008-11-19;perdido
146;633;2015-12-20;2016-01-07;perdido
411;634;2018-03-14;2018-03-22;perdido
68;634;2010-01-04;2010-01-08;en ruta
10;635;2012-04-16;2012-05-05;finalizado
6;635;2006-10-01;2006-10-06;perdido
287;636;2003-09-26;2003-09-26;en ruta
106;636;2001-07-22;2001-08-09;en ruta
388;637;2001-06-05;2001-06-05;perdido
148;637;2003-11-16;2003-11-24;finalizado
42;638;2000-07-11;2000-07-30;finalizado
0;638;2003-08-25;2003-08-27;en ruta
342;639;2015-09-18;2015-09-22;finalizado
286;639;2016-06-02;2016-06-17;finalizado
426;640;2006-05-03;2006-05-04;finalizado
210;640;2006-04-14;2006-04-23;finalizado
157;641;2019-03-11;2019-03-14;finalizado
125;641;2002-06-23;2002-06-29;perdido
142;642;2006-04-17;2006-04-23;en ruta
370;642;2005-08-19;2005-08-27;en ruta
253;643;2002-12-22;2003-01-04;finalizado
384;643;2011-05-18;2011-05-31;perdido
81;644;2012-12-24;2013-01-01;perdido
80;644;2016-06-28;2016-07-08;en ruta
386;645;2012-04-15;2012-04-22;perdido
18;645;2011-07-14;2011-07-27;en ruta
142;646;2015-09-05;2015-09-12;en ruta
40;646;2000-03-26;2000-04-06;en ruta
141;647;2011-05-04;2011-05-04;finalizado
189;647;2018-12-02;2018-12-17;en ruta
120;648;2016-01-22;2016-02-07;perdido
123;648;2005-04-10;2005-04-17;en ruta
272;649;2008-07-18;2008-07-24;en ruta
211;649;2004-08-02;2004-08-08;perdido
285;650;2007-08-14;2007-08-22;en ruta
121;650;2016-08-08;2016-08-20;perdido
183;651;2016-03-22;2016-04-01;perdido
314;651;2017-03-29;2017-04-11;en ruta
445;652;2008-02-16;2008-02-24;perdido
166;652;2008-07-27;2008-07-27;en ruta
377;653;2013-04-27;2013-05-04;en ruta
411;653;2014-08-29;2014-08-30;perdido
11;654;2013-01-14;2013-01-26;perdido
95;654;2003-03-16;2003-03-16;en ruta
207;655;2014-12-29;2015-01-03;finalizado
357;655;2006-01-21;2006-02-07;perdido
184;656;2003-05-31;2003-06-16;perdido
417;656;2002-02-07;2002-02-23;finalizado
244;657;2003-06-04;2003-06-18;finalizado
127;657;2016-10-27;2016-11-13;perdido
298;658;2002-01-16;2002-01-26;perdido
399;658;2013-07-30;2013-08-03;perdido
371;659;2016-01-18;2016-01-29;perdido
311;659;2005-07-23;2005-07-27;finalizado
113;660;2001-02-18;2001-03-01;finalizado
298;660;2016-11-13;2016-11-29;en ruta
190;661;2018-09-06;2018-09-21;finalizado
356;661;2011-01-25;2011-02-07;perdido
339;662;2004-05-19;2004-06-02;perdido
223;662;2015-06-21;2015-06-23;en ruta
200;663;2011-11-23;2011-12-02;finalizado
397;663;2018-05-19;2018-05-27;en ruta
131;664;2018-03-05;2018-03-20;en ruta
70;664;2016-01-20;2016-01-26;en ruta
235;665;2018-02-07;2018-02-23;en ruta
19;665;2001-02-28;2001-03-15;perdido
32;666;2008-03-20;2008-03-22;finalizado
375;666;2012-06-09;2012-06-22;en ruta
273;667;2008-12-21;2008-12-25;finalizado
4;667;2014-01-13;2014-01-14;en ruta
252;668;2014-04-24;2014-05-12;en ruta
134;668;2009-04-20;2009-04-21;perdido
307;669;2006-05-21;2006-05-29;finalizado
217;669;2011-01-02;2011-01-10;finalizado
400;670;2006-01-29;2006-02-13;en ruta
246;670;2013-03-23;2013-04-07;perdido
94;671;2018-08-22;2018-08-27;perdido
211;671;2004-08-03;2004-08-20;perdido
177;672;2000-06-06;2000-06-17;perdido
327;672;2013-03-25;2013-04-11;perdido
210;673;2013-09-14;2013-09-30;finalizado
428;673;2017-04-20;2017-05-01;finalizado
235;674;2006-04-24;2006-04-30;en ruta
332;674;2017-10-25;2017-11-07;perdido
229;675;2010-03-03;2010-03-05;finalizado
228;675;2007-08-08;2007-08-13;finalizado
231;676;2004-06-22;2004-07-09;finalizado
67;676;2014-04-19;2014-04-23;perdido
242;677;2017-04-05;2017-04-18;en ruta
234;677;2009-05-21;2009-06-01;finalizado
131;678;2007-10-24;2007-10-26;en ruta
214;678;2003-10-10;2003-10-12;finalizado
272;679;2009-10-24;2009-11-04;perdido
53;679;2000-10-04;2000-10-19;en ruta
268;680;2009-05-27;2009-06-12;perdido
297;680;2005-02-23;2005-03-12;finalizado
11;681;2014-09-22;2014-10-04;perdido
351;681;2017-07-14;2017-07-22;perdido
300;682;2004-04-22;2004-04-22;finalizado
282;682;2014-04-03;2014-04-10;finalizado
318;683;2011-06-10;2011-06-16;finalizado
12;683;2016-09-17;2016-10-02;finalizado
259;684;2018-08-03;2018-08-08;en ruta
25;684;2016-07-25;2016-07-26;en ruta
112;685;2000-10-09;2000-10-23;perdido
428;685;2012-09-20;2012-10-02;en ruta
280;686;2005-11-09;2005-11-13;perdido
173;686;2012-07-20;2012-08-02;perdido
386;687;2001-12-03;2001-12-07;en ruta
85;687;2002-08-04;2002-08-07;perdido
410;688;2016-05-23;2016-06-03;perdido
113;688;2005-05-23;2005-05-23;finalizado
269;689;2008-08-27;2008-09-11;finalizado
34;689;2002-11-20;2002-12-05;en ruta
314;690;2003-05-16;2003-05-29;en ruta
7;690;2000-03-10;2000-03-16;finalizado
311;691;2011-08-05;2011-08-15;perdido
371;691;2017-09-17;2017-10-05;en ruta
447;692;2004-05-18;2004-06-05;en ruta
244;692;2011-08-05;2011-08-06;finalizado
310;693;2012-04-06;2012-04-08;perdido
183;693;2011-01-07;2011-01-07;finalizado
114;694;2002-01-28;2002-02-08;perdido
355;694;2009-08-29;2009-08-29;finalizado
4;695;2003-04-30;2003-05-15;finalizado
386;695;2017-01-10;2017-01-15;en ruta
302;696;2004-05-31;2004-06-10;finalizado
374;696;2015-09-09;2015-09-16;perdido
260;697;2011-06-01;2011-06-18;finalizado
398;697;2004-01-28;2004-02-14;finalizado
242;698;2009-11-25;2009-12-09;finalizado
114;698;2008-01-31;2008-02-11;perdido
396;699;2010-09-24;2010-09-25;finalizado
128;699;2012-05-30;2012-06-15;en ruta
208;700;2001-01-06;2001-01-11;perdido
73;700;2009-12-07;2009-12-12;finalizado
170;701;2011-02-17;2011-02-24;perdido
328;701;2011-07-05;2011-07-14;finalizado
330;702;2013-06-08;2013-06-21;perdido
422;702;2015-10-07;2015-10-26;perdido
412;703;2018-05-31;2018-05-31;finalizado
8;703;2007-12-03;2007-12-21;finalizado
118;704;2016-07-14;2016-07-21;perdido
441;704;2004-08-26;2004-08-29;finalizado
85;705;2011-03-31;2011-04-16;finalizado
161;705;2016-04-19;2016-05-04;finalizado
138;706;2013-03-13;2013-03-23;perdido
334;706;2009-07-11;2009-07-21;finalizado
386;707;2018-12-30;2018-12-31;perdido
233;707;2013-12-02;2013-12-20;perdido
156;708;2001-07-22;2001-07-31;perdido
373;708;2006-10-18;2006-11-06;finalizado
189;709;2017-06-08;2017-06-22;perdido
327;709;2002-01-24;2002-02-09;perdido
27;710;2011-02-28;2011-03-11;finalizado
133;710;2017-08-26;2017-09-07;finalizado
308;711;2000-07-24;2000-08-12;perdido
348;711;2013-12-26;2013-12-29;finalizado
101;712;2007-05-04;2007-05-18;en ruta
383;712;2000-08-10;2000-08-19;en ruta
63;713;2006-01-29;2006-01-31;perdido
421;713;2009-11-23;2009-11-29;finalizado
280;714;2005-01-24;2005-02-08;finalizado
106;714;2000-12-02;2000-12-10;en ruta
18;715;2002-11-09;2002-11-14;en ruta
74;715;2001-10-30;2001-11-07;finalizado
51;716;2014-06-28;2014-07-12;en ruta
126;716;2012-01-03;2012-01-20;en ruta
333;717;2018-02-18;2018-03-05;finalizado
371;717;2007-06-10;2007-06-26;perdido
295;718;2013-03-17;2013-03-20;en ruta
28;718;2005-10-09;2005-10-17;finalizado
388;719;2009-07-22;2009-08-06;perdido
135;719;2004-09-30;2004-10-10;finalizado
235;720;2014-12-01;2014-12-18;finalizado
61;720;2014-12-11;2014-12-17;perdido
245;721;2003-09-18;2003-09-26;en ruta
398;721;2017-08-22;2017-08-30;perdido
236;722;2006-08-28;2006-09-15;finalizado
29;722;2006-03-27;2006-04-04;en ruta
195;723;2003-03-04;2003-03-23;perdido
177;723;2015-05-13;2015-05-13;en ruta
385;724;2018-10-12;2018-10-23;en ruta
303;724;2009-09-01;2009-09-19;perdido
31;725;2002-11-01;2002-11-13;en ruta
302;725;2007-12-30;2007-12-30;en ruta
360;726;2012-09-14;2012-09-20;en ruta
337;726;2001-12-21;2002-01-03;en ruta
423;727;2005-09-26;2005-10-01;perdido
231;727;2000-06-10;2000-06-14;finalizado
267;728;2002-05-27;2002-06-02;en ruta
447;728;2007-09-30;2007-10-13;finalizado
303;729;2015-02-24;2015-03-06;en ruta
34;729;2018-08-29;2018-09-09;finalizado
30;730;2006-01-02;2006-01-07;perdido
269;730;2001-10-26;2001-11-04;finalizado
0;731;2002-08-17;2002-08-27;perdido
363;731;2019-03-02;2019-03-20;perdido
165;732;2014-12-10;2014-12-16;perdido
8;732;2003-06-07;2003-06-19;perdido
66;733;2004-01-06;2004-01-15;en ruta
55;733;2005-12-01;2005-12-20;finalizado
47;734;2007-02-01;2007-02-17;en ruta
448;734;2006-06-21;2006-06-21;finalizado
44;735;2012-05-04;2012-05-04;perdido
52;735;2013-03-15;2013-03-23;finalizado
439;736;2018-12-18;2019-01-05;en ruta
285;736;2006-12-20;2006-12-31;en ruta
157;737;2006-10-22;2006-10-24;en ruta
444;737;2000-11-19;2000-12-08;en ruta
90;738;2012-07-10;2012-07-18;perdido
216;738;2018-05-25;2018-05-28;finalizado
249;739;2009-04-15;2009-04-15;en ruta
243;739;2015-05-04;2015-05-13;en ruta
117;740;2016-09-30;2016-10-05;finalizado
238;740;2004-11-14;2004-11-27;perdido
219;741;2009-02-09;2009-02-28;finalizado
301;741;2000-11-19;2000-12-02;en ruta
251;742;2007-02-27;2007-02-28;perdido
157;742;2003-11-14;2003-11-28;en ruta
321;743;2008-09-07;2008-09-17;en ruta
300;743;2013-03-29;2013-04-11;perdido
11;744;2002-05-22;2002-06-02;finalizado
193;744;2015-09-13;2015-09-25;finalizado
47;745;2010-04-06;2010-04-16;en ruta
70;745;2017-04-01;2017-04-17;en ruta
110;746;2013-10-22;2013-11-07;perdido
270;746;2013-05-22;2013-06-05;en ruta
148;747;2002-08-31;2002-09-10;finalizado
388;747;2017-08-02;2017-08-09;perdido
318;748;2011-01-17;2011-01-17;perdido
357;748;2004-11-10;2004-11-11;perdido
398;749;2011-11-04;2011-11-06;perdido
191;749;2011-11-23;2011-12-02;perdido
394;750;2010-07-28;2010-07-28;en ruta
407;750;2019-03-12;2019-03-22;finalizado
40;751;2014-10-22;2014-10-24;finalizado
380;751;2000-01-23;2000-02-09;perdido
193;752;2018-01-09;2018-01-14;perdido
275;752;2011-06-16;2011-07-05;en ruta
33;753;2015-05-19;2015-06-06;finalizado
333;753;2003-05-15;2003-05-30;en ruta
133;754;2018-10-05;2018-10-12;en ruta
267;754;2017-06-24;2017-06-25;perdido
248;755;2010-01-22;2010-02-09;perdido
161;755;2004-02-27;2004-02-29;finalizado
275;756;2010-10-21;2010-11-05;perdido
193;756;2016-01-26;2016-02-09;perdido
320;757;2009-07-15;2009-07-24;perdido
23;757;2005-06-17;2005-06-27;en ruta
33;758;2009-03-06;2009-03-15;en ruta
310;758;2005-05-16;2005-05-29;en ruta
380;759;2019-01-18;2019-02-05;perdido
12;759;2005-07-17;2005-07-18;finalizado
295;760;2001-04-13;2001-04-30;perdido
62;760;2012-08-14;2012-09-02;perdido
313;761;2013-07-15;2013-07-26;perdido
412;761;2013-11-27;2013-12-12;en ruta
227;762;2007-07-12;2007-07-14;finalizado
75;762;2016-05-27;2016-06-08;finalizado
116;763;2015-08-18;2015-08-31;en ruta
120;763;2001-05-07;2001-05-07;en ruta
278;764;2010-11-24;2010-11-25;finalizado
251;764;2011-09-24;2011-10-04;perdido
404;765;2008-09-15;2008-10-02;en ruta
5;765;2008-05-24;2008-06-03;perdido
298;766;2004-05-14;2004-05-24;perdido
63;766;2003-01-24;2003-02-03;finalizado
232;767;2012-09-16;2012-10-04;perdido
256;767;2018-03-10;2018-03-11;finalizado
224;768;2016-06-26;2016-07-02;en ruta
356;768;2000-08-09;2000-08-21;finalizado
192;769;2005-07-23;2005-07-23;perdido
108;769;2015-08-12;2015-08-26;perdido
237;770;2014-10-07;2014-10-17;perdido
254;770;2001-02-07;2001-02-14;en ruta
312;771;2012-01-05;2012-01-10;en ruta
354;771;2006-11-10;2006-11-16;perdido
81;772;2014-04-06;2014-04-17;finalizado
350;772;2006-02-10;2006-02-15;finalizado
56;773;2006-09-02;2006-09-05;en ruta
195;773;2016-08-05;2016-08-19;perdido
388;774;2009-10-31;2009-11-18;finalizado
301;774;2013-02-12;2013-02-15;finalizado
245;775;2014-08-01;2014-08-17;en ruta
278;775;2012-08-13;2012-08-29;finalizado
398;776;2013-08-19;2013-09-07;en ruta
377;776;2001-01-08;2001-01-17;perdido
191;777;2018-07-11;2018-07-26;en ruta
268;777;2014-06-04;2014-06-09;finalizado
23;778;2011-10-24;2011-11-11;perdido
221;778;2014-12-19;2015-01-03;en ruta
15;779;2005-12-23;2005-12-27;en ruta
128;779;2000-10-28;2000-11-09;perdido
204;780;2019-03-05;2019-03-10;perdido
211;780;2004-05-30;2004-06-07;finalizado
261;781;2012-04-03;2012-04-15;en ruta
350;781;2011-01-08;2011-01-18;perdido
9;782;2009-04-06;2009-04-07;finalizado
288;782;2000-04-05;2000-04-13;en ruta
78;783;2018-05-21;2018-05-21;en ruta
393;783;2007-10-23;2007-10-28;en ruta
291;784;2008-10-06;2008-10-23;en ruta
49;784;2004-12-22;2004-12-28;finalizado
30;785;2007-03-17;2007-03-17;en ruta
306;785;2013-05-30;2013-06-05;finalizado
42;786;2016-06-05;2016-06-13;finalizado
404;786;2013-05-14;2013-05-19;perdido
113;787;2014-05-01;2014-05-19;finalizado
156;787;2000-03-02;2000-03-05;en ruta
160;788;2000-04-08;2000-04-23;finalizado
163;788;2013-11-29;2013-12-08;perdido
340;789;2001-07-03;2001-07-08;en ruta
318;789;2002-06-05;2002-06-06;perdido
34;790;2016-07-02;2016-07-16;perdido
382;790;2009-12-31;2010-01-14;perdido
150;791;2016-11-23;2016-12-05;perdido
21;791;2015-02-17;2015-02-17;en ruta
255;792;2008-08-20;2008-09-02;perdido
116;792;2001-03-10;2001-03-27;perdido
231;793;2015-09-29;2015-10-06;en ruta
323;793;2005-10-15;2005-10-20;en ruta
413;794;2017-10-12;2017-10-21;finalizado
216;794;2012-02-21;2012-03-06;en ruta
113;795;2014-07-07;2014-07-19;perdido
397;795;2004-08-19;2004-08-19;en ruta
132;796;2000-06-20;2000-07-02;en ruta
316;796;2015-09-28;2015-10-05;perdido
230;797;2004-04-29;2004-05-13;en ruta
3;797;2015-08-22;2015-09-09;perdido
79;798;2018-12-23;2019-01-06;perdido
370;798;2009-01-18;2009-01-29;finalizado
355;799;2017-10-11;2017-10-15;perdido
398;799;2002-02-10;2002-02-23;perdido
167;800;2010-10-03;2010-10-17;finalizado
268;800;2005-11-24;2005-12-10;finalizado
390;801;2012-04-30;2012-05-14;finalizado
224;801;2009-07-21;2009-08-08;en ruta
90;802;2013-12-05;2013-12-14;perdido
369;802;2017-11-30;2017-12-19;finalizado
107;803;2013-06-20;2013-07-04;en ruta
96;803;2014-11-29;2014-12-14;finalizado
22;804;2004-11-22;2004-12-11;en ruta
419;804;2015-03-09;2015-03-28;finalizado
282;805;2008-01-23;2008-02-10;perdido
136;805;2011-07-08;2011-07-09;en ruta
402;806;2011-11-06;2011-11-25;en ruta
176;806;2005-07-07;2005-07-22;perdido
234;807;2006-10-25;2006-11-12;en ruta
36;807;2002-02-09;2002-02-11;finalizado
57;808;2012-01-27;2012-02-04;en ruta
87;808;2003-02-07;2003-02-09;finalizado
41;809;2013-01-06;2013-01-20;en ruta
407;809;2017-05-26;2017-06-14;finalizado
165;810;2001-11-11;2001-11-16;perdido
330;810;2013-01-04;2013-01-04;perdido
187;811;2005-08-11;2005-08-13;perdido
445;811;2012-06-30;2012-07-08;perdido
279;812;2002-10-23;2002-11-08;en ruta
372;812;2013-05-31;2013-06-09;perdido
143;813;2006-05-06;2006-05-22;perdido
401;813;2004-12-05;2004-12-15;en ruta
96;814;2018-05-12;2018-05-20;en ruta
311;814;2011-09-11;2011-09-18;finalizado
299;815;2008-11-30;2008-12-11;en ruta
331;815;2011-08-25;2011-09-02;en ruta
71;816;2018-04-25;2018-04-25;perdido
209;816;2013-08-12;2013-08-24;finalizado
269;817;2005-04-24;2005-05-03;perdido
192;817;2002-09-21;2002-09-23;en ruta
103;818;2011-08-22;2011-08-22;en ruta
114;818;2014-11-17;2014-12-01;perdido
298;819;2015-12-19;2015-12-27;en ruta
4;819;2014-05-16;2014-05-25;perdido
201;820;2001-11-10;2001-11-14;finalizado
20;820;2009-04-27;2009-05-07;finalizado
334;821;2013-10-18;2013-11-05;finalizado
265;821;2011-10-09;2011-10-09;perdido
297;822;2005-07-27;2005-08-10;en ruta
315;822;2018-11-28;2018-12-07;perdido
358;823;2000-09-08;2000-09-12;en ruta
60;823;2017-08-22;2017-09-07;finalizado
272;824;2016-08-05;2016-08-16;perdido
328;824;2003-08-20;2003-08-20;finalizado
283;825;2017-08-07;2017-08-16;finalizado
128;825;2013-12-11;2013-12-21;perdido
209;826;2013-06-27;2013-07-14;perdido
262;826;2006-11-25;2006-12-03;finalizado
244;827;2009-05-30;2009-06-09;finalizado
434;827;2006-09-21;2006-09-27;en ruta
379;828;2012-10-21;2012-11-01;en ruta
119;828;2010-08-01;2010-08-11;en ruta
239;829;2013-10-16;2013-10-16;finalizado
301;829;2011-12-29;2012-01-14;finalizado
401;830;2003-06-12;2003-06-21;perdido
119;830;2010-11-26;2010-11-26;en ruta
381;831;2017-12-26;2018-01-03;perdido
224;831;2014-09-25;2014-10-03;perdido
138;832;2002-05-11;2002-05-23;finalizado
212;832;2006-02-09;2006-02-15;perdido
16;833;2017-02-03;2017-02-04;finalizado
179;833;2006-10-07;2006-10-15;finalizado
238;834;2002-10-23;2002-11-06;finalizado
94;834;2015-08-29;2015-09-05;perdido
153;835;2001-10-12;2001-10-28;perdido
425;835;2003-11-07;2003-11-09;en ruta
265;836;2014-06-10;2014-06-28;perdido
279;836;2016-08-18;2016-08-30;finalizado
309;837;2014-08-20;2014-09-07;en ruta
11;837;2000-04-12;2000-04-25;en ruta
320;838;2013-04-27;2013-04-29;en ruta
290;838;2007-03-10;2007-03-15;en ruta
342;839;2006-08-09;2006-08-25;finalizado
318;839;2010-02-26;2010-03-03;finalizado
122;840;2009-11-11;2009-11-17;finalizado
235;840;2005-09-29;2005-10-10;finalizado
314;841;2005-07-16;2005-08-02;en ruta
386;841;2006-03-18;2006-04-04;en ruta
410;842;2015-05-11;2015-05-25;en ruta
364;842;2006-08-16;2006-08-25;finalizado
53;843;2012-06-14;2012-07-02;finalizado
260;843;2009-10-14;2009-10-14;en ruta
195;844;2002-03-07;2002-03-20;finalizado
23;844;2013-01-26;2013-02-11;perdido
352;845;2012-09-29;2012-10-13;perdido
91;845;2015-03-11;2015-03-15;finalizado
370;846;2004-06-13;2004-06-17;perdido
354;846;2010-08-12;2010-08-16;perdido
269;847;2008-12-28;2009-01-04;finalizado
313;847;2002-11-25;2002-12-12;en ruta
433;848;2012-03-04;2012-03-22;en ruta
240;848;2012-02-03;2012-02-19;perdido
151;849;2002-09-05;2002-09-16;finalizado
307;849;2013-10-31;2013-11-08;en ruta
72;850;2003-04-05;2003-04-20;perdido
134;850;2012-10-03;2012-10-14;finalizado
80;851;2003-08-22;2003-09-02;en ruta
192;851;2002-07-17;2002-07-31;finalizado
354;852;2018-06-30;2018-07-05;en ruta
139;852;2015-05-16;2015-06-03;en ruta
217;853;2004-04-16;2004-04-16;finalizado
110;853;2016-05-14;2016-05-30;en ruta
37;854;2007-07-13;2007-07-20;en ruta
248;854;2012-01-22;2012-02-01;en ruta
406;855;2004-02-14;2004-03-04;perdido
378;855;2009-04-18;2009-05-01;perdido
265;856;2013-02-20;2013-03-06;finalizado
177;856;2005-01-18;2005-02-03;en ruta
11;857;2013-08-01;2013-08-02;perdido
312;857;2014-11-14;2014-11-14;en ruta
248;858;2001-09-27;2001-10-02;perdido
48;858;2002-02-19;2002-03-03;perdido
414;859;2002-09-10;2002-09-10;perdido
127;859;2017-09-10;2017-09-16;en ruta
373;860;2004-11-20;2004-11-21;finalizado
383;860;2016-06-12;2016-06-27;perdido
88;861;2009-06-06;2009-06-10;perdido
78;861;2001-04-16;2001-04-20;en ruta
372;862;2013-07-30;2013-08-14;finalizado
279;862;2000-01-29;2000-02-05;en ruta
335;863;2000-01-07;2000-01-15;perdido
138;863;2005-04-15;2005-04-18;perdido
23;864;2010-10-07;2010-10-12;finalizado
91;864;2010-05-03;2010-05-17;perdido
442;865;2001-05-29;2001-06-14;perdido
406;865;2016-10-23;2016-10-29;perdido
158;866;2013-12-06;2013-12-12;perdido
41;866;2016-08-08;2016-08-15;perdido
39;867;2007-12-12;2007-12-13;finalizado
233;867;2015-11-08;2015-11-27;perdido
46;868;2009-11-24;2009-11-30;finalizado
303;868;2016-08-28;2016-09-05;finalizado
126;869;2004-06-04;2004-06-15;perdido
154;869;2007-03-10;2007-03-10;en ruta
274;870;2011-10-25;2011-10-31;finalizado
213;870;2012-02-17;2012-02-29;en ruta
427;871;2001-02-28;2001-03-18;en ruta
379;871;2001-09-07;2001-09-21;finalizado
392;872;2005-12-16;2005-12-29;en ruta
141;872;2017-10-16;2017-10-24;finalizado
6;873;2005-06-15;2005-06-18;en ruta
75;873;2005-04-03;2005-04-03;perdido
311;874;2017-10-06;2017-10-22;perdido
79;874;2005-11-01;2005-11-05;finalizado
158;875;2014-09-20;2014-10-04;perdido
436;875;2009-07-23;2009-07-24;en ruta
208;876;2008-08-26;2008-08-30;perdido
112;876;2009-05-11;2009-05-23;en ruta
103;877;2014-04-26;2014-05-03;finalizado
3;877;2005-07-31;2005-08-08;en ruta
401;878;2000-01-09;2000-01-25;en ruta
368;878;2009-08-22;2009-08-22;en ruta
436;879;2011-04-26;2011-05-08;finalizado
351;879;2007-10-24;2007-11-05;perdido
87;880;2005-08-17;2005-08-21;finalizado
293;880;2000-06-22;2000-07-04;en ruta
293;881;2015-09-01;2015-09-02;en ruta
171;881;2000-12-09;2000-12-19;perdido
280;882;2016-12-16;2016-12-21;en ruta
349;882;2003-03-26;2003-04-06;en ruta
400;883;2013-11-17;2013-12-02;perdido
415;883;2011-01-20;2011-01-24;perdido
134;884;2007-03-06;2007-03-20;perdido
333;884;2004-04-13;2004-04-26;perdido
179;885;2000-11-19;2000-11-22;en ruta
415;885;2003-12-03;2003-12-05;perdido
172;886;2001-11-19;2001-11-27;en ruta
119;886;2008-06-16;2008-06-24;en ruta
434;887;2016-10-27;2016-11-05;en ruta
392;887;2014-06-08;2014-06-11;perdido
187;888;2016-03-09;2016-03-16;en ruta
146;888;2000-04-23;2000-05-02;finalizado
225;889;2013-02-11;2013-02-14;finalizado
164;889;2001-07-12;2001-07-21;finalizado
134;890;2015-08-29;2015-09-17;en ruta
58;890;2009-04-05;2009-04-14;perdido
311;891;2017-09-09;2017-09-21;finalizado
196;891;2015-02-10;2015-02-25;perdido
285;892;2010-02-12;2010-02-22;en ruta
110;892;2010-08-04;2010-08-22;perdido
406;893;2009-03-11;2009-03-19;finalizado
64;893;2006-01-16;2006-01-19;en ruta
194;894;2011-03-31;2011-04-18;finalizado
143;894;2008-11-30;2008-12-18;finalizado
52;895;2001-10-05;2001-10-24;finalizado
2;895;2006-09-25;2006-10-14;perdido
403;896;2017-12-25;2017-12-27;perdido
252;896;2006-08-19;2006-09-07;perdido
118;897;2016-08-17;2016-08-25;finalizado
138;897;2011-02-12;2011-02-22;en ruta
385;898;2005-08-24;2005-08-24;en ruta
15;898;2014-05-01;2014-05-08;en ruta
17;899;2011-01-15;2011-02-02;en ruta
70;899;2000-12-14;2000-12-15;finalizado
260;900;2011-07-01;2011-07-12;finalizado
153;900;2001-08-26;2001-08-26;perdido
152;901;2005-02-25;2005-03-01;finalizado
215;901;2008-10-18;2008-10-20;finalizado
215;902;2018-05-30;2018-05-30;finalizado
106;902;2011-09-25;2011-09-28;en ruta
88;903;2004-08-06;2004-08-21;finalizado
25;903;2015-05-02;2015-05-17;perdido
15;904;2013-02-28;2013-03-19;en ruta
299;904;2017-04-10;2017-04-27;en ruta
15;905;2015-04-13;2015-04-29;en ruta
107;905;2013-06-06;2013-06-16;en ruta
143;906;2016-05-05;2016-05-20;en ruta
58;906;2003-07-10;2003-07-10;finalizado
218;907;2018-01-02;2018-01-02;en ruta
185;907;2008-06-10;2008-06-25;en ruta
343;908;2017-01-12;2017-01-31;perdido
57;908;2004-09-29;2004-10-06;finalizado
353;909;2006-12-31;2006-12-31;en ruta
273;909;2016-04-01;2016-04-15;en ruta
207;910;2005-12-05;2005-12-13;perdido
389;910;2002-10-04;2002-10-11;perdido
179;911;2016-06-01;2016-06-20;perdido
410;911;2000-07-01;2000-07-06;perdido
323;912;2000-04-06;2000-04-25;finalizado
350;912;2018-11-23;2018-11-26;finalizado
261;913;2003-02-06;2003-02-07;finalizado
166;913;2018-03-29;2018-04-16;perdido
301;914;2008-02-25;2008-03-09;finalizado
167;914;2018-08-12;2018-08-27;finalizado
253;915;2005-01-08;2005-01-20;finalizado
156;915;2006-02-05;2006-02-11;en ruta
293;916;2011-07-01;2011-07-16;en ruta
233;916;2005-12-20;2006-01-07;en ruta
366;917;2019-01-22;2019-02-02;finalizado
410;917;2011-01-15;2011-01-18;finalizado
240;918;2003-09-01;2003-09-09;en ruta
217;918;2018-05-07;2018-05-14;finalizado
248;919;2011-04-08;2011-04-15;finalizado
94;919;2018-01-16;2018-01-24;perdido
155;920;2000-09-24;2000-10-01;finalizado
60;920;2008-04-30;2008-05-05;perdido
262;921;2012-07-28;2012-08-09;finalizado
46;921;2005-05-01;2005-05-10;en ruta
375;922;2005-04-14;2005-04-22;en ruta
309;922;2002-08-21;2002-08-25;finalizado
2;923;2001-08-26;2001-08-26;perdido
8;923;2004-12-14;2004-12-18;finalizado
325;924;2014-06-15;2014-06-23;en ruta
352;924;2018-04-25;2018-05-01;perdido
223;925;2006-07-12;2006-07-22;en ruta
97;925;2004-01-06;2004-01-10;finalizado
421;926;2008-12-09;2008-12-17;perdido
170;926;2018-05-02;2018-05-16;en ruta
382;927;2008-08-06;2008-08-13;finalizado
442;927;2009-08-03;2009-08-16;en ruta
303;928;2012-02-22;2012-02-25;finalizado
84;928;2007-11-01;2007-11-01;en ruta
203;929;2002-04-28;2002-05-14;perdido
263;929;2014-05-26;2014-06-11;en ruta
49;930;2004-03-08;2004-03-09;en ruta
440;930;2000-04-13;2000-04-28;perdido
317;931;2002-04-27;2002-05-13;en ruta
246;931;2004-03-27;2004-04-01;en ruta
18;932;2018-09-18;2018-10-01;perdido
251;932;2003-07-25;2003-08-06;perdido
447;933;2000-10-05;2000-10-12;en ruta
170;933;2005-12-24;2005-12-26;finalizado
352;934;2014-03-12;2014-03-23;perdido
362;934;2009-02-20;2009-03-06;perdido
105;935;2008-04-28;2008-05-01;perdido
381;935;2015-10-14;2015-10-17;perdido
273;936;2007-05-16;2007-05-27;en ruta
13;936;2008-05-03;2008-05-17;finalizado
281;937;2010-11-02;2010-11-21;perdido
59;937;2013-11-13;2013-11-24;perdido
186;938;2005-07-25;2005-08-09;en ruta
146;938;2009-05-26;2009-05-26;perdido
60;939;2016-02-15;2016-02-27;finalizado
287;939;2006-12-24;2006-12-30;finalizado
308;940;2016-10-02;2016-10-15;finalizado
122;940;2010-05-13;2010-05-18;finalizado
202;941;2000-09-29;2000-10-17;en ruta
187;941;2010-10-19;2010-10-31;en ruta
0;942;2018-06-21;2018-07-08;en ruta
42;942;2015-05-17;2015-05-20;perdido
444;943;2017-08-09;2017-08-16;perdido
74;943;2007-06-06;2007-06-06;en ruta
284;944;2016-12-04;2016-12-23;perdido
245;944;2000-04-23;2000-05-10;finalizado